Molecule ChEMBL ID,Molecule Name,pChEMBL Value,Target ChEMBL ID,Target Name,Smiles
CHEMBL1017,TELMISARTAN,9.48,CHEMBL4607,Angiotensin II type 2 (AT-2) receptor,CCCc1nc2c(C)cc(-c3nc4ccccc4n3C)cc2n1Cc1ccc(-c2ccccc2C(=O)O)cc1
CHEMBL1023,BEXAROTENE,8.57,CHEMBL2061,Retinoid X receptor alpha,C=C(c1ccc(C(=O)O)cc1)c1cc2c(cc1C)C(C)(C)CCC2(C)C
CHEMBL103,PROGESTERONE,10.0,CHEMBL208,Progesterone receptor,CC(=O)[C@H]1CC[C@H]2[C@@H]3CCC4=CC(=O)CC[C@]4(C)[C@H]3CC[C@]12C
CHEMBL10316,IDAZOXAN,8.15,CHEMBL1867,Alpha-2a adrenergic receptor,c1ccc2c(c1)OCC(C1=NCCN1)O2
CHEMBL106,FLUCONAZOLE,6.3,CHEMBL1293235,Prelamin-A/C,OC(Cn1cncn1)(Cn1cncn1)c1ccc(F)cc1F
CHEMBL1064,SIMVASTATIN,9.05,CHEMBL402,HMG-CoA reductase,CCC(C)(C)C(=O)O[C@H]1C[C@@H](C)C=C2C=C[C@H](C)[C@H](CC[C@@H]3C[C@@H](O)CC(=O)O3)[C@H]21
CHEMBL1076903,VARENICLINE,7.04,CHEMBL1882,Neuronal acetylcholine receptor protein alpha-4 subunit,c1cnc2cc3c(cc2n1)[C@@H]1CNC[C@H]3C1
CHEMBL1083390,INTEPIRDINE,9.78,CHEMBL3371,Serotonin 6 (5-HT6) receptor,O=S(=O)(c1ccccc1)c1cnc2c(N3CCNCC3)cccc2c1
CHEMBL1083659,SUVOREXANT,9.46,CHEMBL4792,Orexin receptor 2,Cc1ccc(-n2nccn2)c(C(=O)N2CCN(c3nc4cc(Cl)ccc4o3)CC[C@H]2C)c1
CHEMBL109,VALPROIC ACID,7.0,CHEMBL231,Histamine H1 receptor,CCCC(CCC)C(=O)O
CHEMBL1112,ARIPIPRAZOLE,9.7,CHEMBL217,Dopamine D2 receptor,O=C1CCc2ccc(OCCCCN3CCN(c4cccc(Cl)c4Cl)CC3)cc2N1
CHEMBL111456,,5.4,CHEMBL260,MAP kinase p38 alpha,C[S+]([O-])c1ccc(CSc2nc(-c3ccc(F)cc3)c(-c3ccncc3)[nH]2)cc1
CHEMBL112797,SGS-742,4.21,CHEMBL3561,GABA receptor rho-1 subunit,CCCCP(=O)(O)CCCN
CHEMBL11298,SERINE,4.42,CHEMBL220,Acetylcholinesterase,N[C@@H](CO)C(=O)O
CHEMBL113,CAFFEINE,9.22,CHEMBL218,Cannabinoid CB1 receptor,Cn1c(=O)c2c(ncn2C)n(C)c1=O
CHEMBL1131,ACITRETIN,5.5,CHEMBL1293232,Survival motor neuron protein,COc1cc(C)c(/C=C/C(C)=C/C=C/C(C)=C/C(=O)O)c(C)c1C
CHEMBL1140,NIACINAMIDE,5.92,CHEMBL4462,NAD-dependent deacetylase sirtuin 2,NC(=O)c1cccnc1
CHEMBL116438,CURCUMIN,9.68,CHEMBL2487,Amyloid-beta A4 protein,COc1cc(/C=C/C(=O)/C=C(O)/C=C/c2ccc(O)c(OC)c2)ccc1O
CHEMBL118,CELECOXIB,9.33,CHEMBL230,Cyclooxygenase-2,Cc1ccc(-c2cc(C(F)(F)F)nn2-c2ccc(S(N)(=O)=O)cc2)cc1
CHEMBL119385,NEFLAMAPIMOD,8.55,CHEMBL260,MAP kinase p38 alpha,O=c1ncn2nc(Sc3ccc(F)cc3F)ccc2c1-c1c(Cl)cccc1Cl
CHEMBL1200775,LEUPROLIDE ACETATE,4.1,CHEMBL5748,Canalicular multispecific organic anion transporter 1,CC(=O)O.CCNC(=O)[C@@H]1CCCN1C(=O)[C@H](CCCNC(=N)N)NC(=O)[C@H](CC(C)C)NC(=O)[C@@H](CC(C)C)NC(=O)[C@H](Cc1ccc(O)cc1)NC(=O)[C@H](CO)NC(=O)[C@H](Cc1c[nH]c2ccccc12)NC(=O)[C@H](Cc1c[nH]cn1)NC(=O)[C@@H]1CCC(=O)N1
CHEMBL1200806,NAPROXEN SODIUM,8.55,CHEMBL1293235,Prelamin-A/C,COc1ccc2cc([C@H](C)C(=O)[O-])ccc2c1.[Na+]
CHEMBL1200904,SELEGILINE HYDROCHLORIDE,8.18,CHEMBL2039,Monoamine oxidase B,C#CCN(C)[C@H](C)Cc1ccccc1.Cl
CHEMBL1201066,VENLAFAXINE HYDROCHLORIDE,7.44,CHEMBL228,Serotonin transporter,COc1ccc(C(CN(C)C)C2(O)CCCCC2)cc1.Cl
CHEMBL1201168,ISOCARBOXAZID,5.5,CHEMBL1293235,Prelamin-A/C,Cc1cc(C(=O)NNCc2ccccc2)no1
CHEMBL1201774,SAPROPTERIN,5.95,CHEMBL3568,"Nitric-oxide synthase, brain",C[C@H](O)[C@H](O)[C@H]1CNc2nc(N)[nH]c(=O)c2N1
CHEMBL121,ROSIGLITAZONE,9.0,CHEMBL235,Peroxisome proliferator-activated receptor gamma,CN(CCOc1ccc(CC2SC(=O)NC2=O)cc1)c1ccccn1
CHEMBL122,ROFECOXIB,9.0,CHEMBL230,Cyclooxygenase-2,CS(=O)(=O)c1ccc(C2=C(c3ccccc3)C(=O)OC2)cc1
CHEMBL1222251,INOSITOL,5.0,CHEMBL1293235,Prelamin-A/C,O[C@H]1[C@H](O)[C@@H](O)[C@H](O)[C@@H](O)[C@H]1O
CHEMBL1255901,HUPERZINE A,9.27,CHEMBL220,Acetylcholinesterase,C/C=C1\[C@H]2C=C(C)C[C@@]1(N)c1ccc(=O)[nH]c1C2
CHEMBL1256786,FORMOTEROL,9.72,CHEMBL210,Beta-2 adrenergic receptor,COc1ccc(CC(C)NCC(O)c2ccc(O)c(NC=O)c2)cc1
CHEMBL1276308,MIFEPRISTONE,10.68,CHEMBL208,Progesterone receptor,CC#C[C@]1(O)CC[C@H]2[C@@H]3CCC4=CC(=O)CCC4=C3[C@@H](c3ccc(N(C)C)cc3)C[C@@]21C
CHEMBL1277001,MIBAMPATOR,6.82,CHEMBL3190,"Glutamate receptor ionotropic, AMPA 4",CC(C)S(=O)(=O)NC[C@H](C)c1ccc(-c2ccc(CCNS(C)(=O)=O)cc2)cc1
CHEMBL1303,ROTIGOTINE,10.22,CHEMBL217,Dopamine D2 receptor,CCCN(CCc1cccs1)[C@H]1CCc2c(O)cccc2C1
CHEMBL134713,GTS-21,6.8,CHEMBL2492,Neuronal acetylcholine receptor protein alpha-7 subunit,COc1ccc(/C=C2\CCCN=C2c2cccnc2)c(OC)c1
CHEMBL135,ESTRADIOL,11.34,CHEMBL206,Estrogen receptor alpha,C[C@]12CC[C@@H]3c4ccc(O)cc4CC[C@H]3[C@@H]1CC[C@@H]2O
CHEMBL1364,PYRIDOXINE,4.9,CHEMBL1293226,Lysine-specific demethylase 4D-like,Cc1ncc(CO)c(CO)c1O
CHEMBL1373,MODAFINIL,8.74,CHEMBL1293235,Prelamin-A/C,NC(=O)C[S+]([O-])C(c1ccccc1)c1ccccc1
CHEMBL1378,THIETHYLPERAZINE,8.51,CHEMBL234,Dopamine D3 receptor,CCSc1ccc2c(c1)N(CCCN1CCN(C)CC1)c1ccccc1S2
CHEMBL1406148,TRICAPRILIN,7.75,CHEMBL1293235,Prelamin-A/C,CCCCCCCC(=O)OCC(COC(=O)CCCCCCC)OC(=O)CCCCCCC
CHEMBL141,LAMIVUDINE,5.45,CHEMBL1293224,Microtubule-associated protein tau,Nc1ccn([C@@H]2CS[C@H](CO)O2)c(=O)n1
CHEMBL14249,ADENOSINE TRIPHOSPHATE,8.3,CHEMBL1293235,Prelamin-A/C,Nc1ncnc2c1ncn2[C@@H]1O[C@H](COP(=O)(O)OP(=O)(O)OP(=O)(O)O)[C@@H](O)[C@H]1O
CHEMBL1464,WARFARIN,8.06,CHEMBL1930,Vitamin k epoxide reductase complex subunit 1 isoform 1,CC(=O)CC(c1ccccc1)c1c(O)c2ccccc2oc1=O
CHEMBL146624,MITOGLITAZONE,6.18,CHEMBL235,Peroxisome proliferator-activated receptor gamma,CCc1ccc(C(=O)COc2ccc(CC3SC(=O)NC3=O)cc2)nc1
CHEMBL1485,ARGININE,6.6,CHEMBL3251,Nuclear factor NF-kappa-B p105 subunit,N=C(N)NCCC[C@H](N)C(=O)O
CHEMBL149082,TRAMIPROSATE,4.0,CHEMBL2487,Amyloid-beta A4 protein,NCCCS(=O)(=O)O
CHEMBL1503,OMEPRAZOLE,5.85,CHEMBL1293232,Survival motor neuron protein,COc1ccc2[nH]c([S+]([O-])Cc3ncc(C)c(OC)c3C)nc2c1
CHEMBL1508,ESCITALOPRAM,9.0,CHEMBL228,Serotonin transporter,CN(C)CCC[C@@]1(c2ccc(F)cc2)OCc2cc(C#N)ccc21
CHEMBL1536,ERGOCALCIFEROL,5.08,CHEMBL206,Estrogen receptor alpha,C=C1CC[C@H](O)C/C1=C/C=C1\CCC[C@]2(C)[C@@H]([C@H](C)/C=C/[C@H](C)C(C)C)CC[C@@H]12
CHEMBL154,NAPROXEN,7.18,CHEMBL221,Cyclooxygenase-1,COc1ccc2cc([C@H](C)C(=O)O)ccc2c1
CHEMBL154111,SALSALATE,4.75,CHEMBL1293255,15-hydroxyprostaglandin dehydrogenase [NAD+],O=C(Oc1ccccc1C(=O)O)c1ccccc1O
CHEMBL1555,GALANTAMINE HYDROBROMIDE,5.58,CHEMBL220,Acetylcholinesterase,Br.COc1ccc2c3c1O[C@H]1C[C@@H](O)C=C[C@@]31CCN(C)C2
CHEMBL1569487,LORNOXICAM,5.12,CHEMBL6020,Bile salt export pump,CN1C(C(=O)Nc2ccccn2)=C(O)c2sc(Cl)cc2S1(=O)=O
CHEMBL157101,KETOCONAZOLE,9.0,CHEMBL340,Cytochrome P450 3A4,CC(=O)N1CCN(c2ccc(OCC3COC(Cn4ccnc4)(c4ccc(Cl)cc4Cl)O3)cc2)CC1
CHEMBL1581,PERINDOPRIL,8.82,CHEMBL1808,Angiotensin-converting enzyme,CCC[C@H](N[C@@H](C)C(=O)N1[C@H](C(=O)O)C[C@@H]2CCCC[C@@H]21)C(=O)OCC
CHEMBL1617,RIFAXIMIN,5.66,CHEMBL3401,Pregnane X receptor,CO[C@H]1/C=C/O[C@@]2(C)Oc3c(C)c(O)c4c(O)c(c5c(nc6cc(C)ccn65)c4c3C2=O)NC(=O)/C(C)=C\C=C\[C@H](C)[C@H](O)[C@@H](C)[C@@H](O)[C@@H](C)[C@H](OC(C)=O)[C@@H]1C
CHEMBL1622,FOLIC ACID,5.1,CHEMBL1963,Thyroid stimulating hormone receptor,Nc1nc(=O)c2nc(CNc3ccc(C(=O)N[C@@H](CCC(=O)O)C(=O)O)cc3)cnc2[nH]1
CHEMBL165,RESVERATROL,9.22,CHEMBL284,Dipeptidyl peptidase IV,Oc1ccc(/C=C/c2cc(O)cc(O)c2)cc1
CHEMBL1678,DONEPEZIL HYDROCHLORIDE,7.94,CHEMBL220,Acetylcholinesterase,COc1cc2c(cc1OC)C(=O)C(CC1CCN(Cc3ccccc3)CC1)C2.Cl
CHEMBL1699,MEMANTINE HYDROCHLORIDE,8.66,CHEMBL1293235,Prelamin-A/C,CC12CC3CC(C)(C1)CC(N)(C3)C2.Cl
CHEMBL1702,ATOMOXETINE HYDROCHLORIDE,7.7,CHEMBL222,Norepinephrine transporter,CNCC[C@@H](Oc1ccccc1C)c1ccccc1.Cl
CHEMBL1774461,FLORBETAPIR F 18,8.54,CHEMBL2487,Amyloid-beta A4 protein,CNc1ccc(/C=C/c2ccc(OCCOCCOCC[18F])nc2)cc1
CHEMBL190083,TARENFLURBIL,6.2,CHEMBL3622,Cytochrome P450 2C19,C[C@@H](C(=O)O)c1ccc(-c2ccccc2)c(F)c1
CHEMBL1908391,MASITINIB,8.68,CHEMBL1862,Tyrosine-protein kinase ABL,Cc1ccc(NC(=O)c2ccc(CN3CCN(C)CC3)cc2)cc1Nc1nc(-c2cccnc2)cs1
CHEMBL198877,AUS-131,5.25,CHEMBL242,Estrogen receptor beta,Oc1ccc([C@H]2COc3cc(O)ccc3C2)cc1
CHEMBL2042122,FLUTEMETAMOL F 18,9.15,CHEMBL2487,Amyloid-beta A4 protein,CNc1ccc(-c2nc3ccc(O)cc3s2)cc1[18F]
CHEMBL207538,BREXANOLONE,5.5,CHEMBL5162,Neuropeptide S receptor,CC(=O)[C@H]1CC[C@H]2[C@@H]3CC[C@H]4C[C@H](O)CC[C@]4(C)[C@H]3CC[C@]12C
CHEMBL2087337,VELUSETRAG,9.2,CHEMBL1875,Serotonin 4 (5-HT4) receptor,CC(C)n1c(=O)c(C(=O)N[C@H]2C[C@H]3CC[C@@H](C2)N3C[C@@H](O)CN(C)S(C)(=O)=O)cc2ccccc21
CHEMBL2095209,ICOSAPENT ETHYL,5.52,CHEMBL3401,Pregnane X receptor,CC/C=C\C/C=C\C/C=C\C/C=C\C/C=C\CCCC(=O)OCC
CHEMBL2103849,UDENAFIL,8.08,CHEMBL1827,Phosphodiesterase 5A,CCCOc1ccc(S(=O)(=O)NCCC2CCCN2C)cc1-c1nc2c(CCC)nn(C)c2c(=O)[nH]1
CHEMBL2103880,CERLAPIRDINE,8.89,CHEMBL3371,Serotonin 6 (5-HT6) receptor,CN(C)CCCOc1ccc2[nH]nc(S(=O)(=O)c3cccc4ccccc34)c2c1
CHEMBL2104981,RILAPLADIB,9.6,CHEMBL3514,LDL-associated phospholipase A2,COCCN1CCC(N(Cc2ccc(-c3ccc(C(F)(F)F)cc3)cc2)C(=O)Cn2c(SCc3cccc(F)c3F)cc(=O)c3ccccc32)CC1
CHEMBL2105760,BREXPIPRAZOLE,9.92,CHEMBL214,Serotonin 1a (5-HT1a) receptor,O=c1ccc2ccc(OCCCCN3CCN(c4cccc5sccc45)CC3)cc2[nH]1
CHEMBL2108724,SEMAGLUTIDE,10.73,CHEMBL1784,Glucagon-like peptide 1 receptor,
CHEMBL2111051,TALSACLIDINE,6.38,CHEMBL2035,Muscarinic acetylcholine receptor M5,C#CCO[C@H]1CN2CCC1CC2
CHEMBL2151197,PF-03654746,8.77,CHEMBL264,Histamine H3 receptor,CCNC(=O)[C@H]1C[C@@](F)(c2ccc(CN3CCCC3)c(F)c2)C1
CHEMBL2151437,AZD0328,8.52,CHEMBL2492,Neuronal acetylcholine receptor protein alpha-7 subunit,c1cnc2c(c1)C[C@@]1(CN3CCC1CC3)O2
CHEMBL2151572,ENCENICLINE,8.37,CHEMBL2492,Neuronal acetylcholine receptor protein alpha-7 subunit,O=C(N[C@H]1CN2CCC1CC2)c1cc2cccc(Cl)c2s1
CHEMBL217092,SARACATINIB,9.15,CHEMBL2073,Tyrosine-protein kinase YES,CN1CCN(CCOc2cc(OC3CCOCC3)c3c(Nc4c(Cl)ccc5c4OCO5)ncnc3c2)CC1
CHEMBL2177913,AZD-3839,9.22,CHEMBL4822,Beta-secretase 1,NC1=N[C@@](c2cccc(-c3cncnc3)c2)(c2ccnc(C(F)F)c2)c2cccc(F)c21
CHEMBL2179105,EDELINONTRINE,8.1,CHEMBL3535,Phosphodiesterase 9A,C[C@@H]1CN(Cc2ncccn2)C[C@H]1c1nc2c(cnn2C2CCOCC2)c(=O)[nH]1
CHEMBL2179529,AZD1446,7.55,CHEMBL1882,Neuronal acetylcholine receptor protein alpha-4 subunit,O=C(c1ccc(Cl)o1)N1CC2CNCC2C1
CHEMBL218166,BIFEPRUNOX,10.4,CHEMBL217,Dopamine D2 receptor,O=c1[nH]c2cccc(N3CCN(Cc4cccc(-c5ccccc5)c4)CC3)c2o1
CHEMBL2333941,LY-2811376,6.76,CHEMBL4822,Beta-secretase 1,C[C@@]1(c2cc(-c3cncnc3)c(F)cc2F)CCSC(N)=N1
CHEMBL2396989,LY-2886721,8.64,CHEMBL4822,Beta-secretase 1,NC1=N[C@@]2(c3cc(NC(=O)c4ccc(F)cn4)ccc3F)COC[C@H]2CS1
CHEMBL25202,TAMIBAROTENE,8.19,CHEMBL2055,Retinoic acid receptor alpha,CC1(C)CCC(C)(C)c2cc(NC(=O)c3ccc(C(=O)O)cc3)ccc21
CHEMBL255863,NILOTINIB,8.96,CHEMBL5319,Epithelial discoidin domain-containing receptor 1,Cc1cn(-c2cc(NC(=O)c3ccc(C)c(Nc4nccc(-c5cccnc5)n4)c3)cc(C(F)(F)F)c2)cn1
CHEMBL260138,ALSTERPAULLONE 2,9.1,CHEMBL262,Glycogen synthase kinase-3 beta,N#CCCc1ccc2c(c1)-c1[nH]c3ccc([N+](=O)[O-])cc3c1CC(=O)N2
CHEMBL282468,CHOLINE CHLORIDE,4.77,CHEMBL4507,High-affinity choline transporter,C[N+](C)(C)CCO.[Cl-]
CHEMBL297453,EPIGALOCATECHIN GALLATE,7.4,CHEMBL6119,40S ribosomal protein SA,O=C(O[C@@H]1Cc2c(O)cc(O)cc2O[C@@H]1c1cc(O)c(O)c(O)c1)c1cc(O)c(O)c(O)c1
CHEMBL301265,PRAMIPEXOLE,10.83,CHEMBL217,Dopamine D2 receptor,CCCN[C@H]1CCc2nc(N)sc2C1
CHEMBL3092650,GSK239512,10.0,CHEMBL264,Histamine H3 receptor,O=C1CCCN1c1ccc(Oc2ccc3c(c2)CCN(C2CCC2)CC3)nc1
CHEMBL3183549,BENFOTIAMINE,5.5,CHEMBL3622,Cytochrome P450 2C19,CC(=C(CCOP(=O)(O)O)SC(=O)c1ccccc1)N(C=O)Cc1cnc(C)nc1N
CHEMBL32,MOXIFLOXACIN,6.5,CHEMBL237,Kappa opioid receptor,COc1c(N2C[C@@H]3CCCN[C@@H]3C2)c(F)cc2c(=O)c(C(=O)O)cn(C3CC3)c12
CHEMBL325424,ALEPLASININ,5.07,CHEMBL3475,Plasminogen activator inhibitor-1,Cc1cccc(-c2ccc3c(c2)c(C(=O)C(=O)O)cn3Cc2ccc(C(C)(C)C)cc2)c1
CHEMBL3286580,IDALOPIRDINE,9.08,CHEMBL3371,Serotonin 6 (5-HT6) receptor,Fc1ccc2c(CCNCc3cccc(OCC(F)(F)C(F)F)c3)c[nH]c2c1
CHEMBL3301601,VERUBECESTAT,9.43,CHEMBL2525,Beta secretase 2,CN1C(N)=N[C@](C)(c2cc(NC(=O)c3ccc(F)cn3)ccc2F)CS1(=O)=O
CHEMBL3306803,LUMATEPERONE,9.27,CHEMBL224,Serotonin 2a (5-HT2a) receptor,CN1CCN2c3c(cccc31)[C@@H]1CN(CCCC(=O)c3ccc(F)cc3)CC[C@@H]12
CHEMBL3306918,PRX-03140,7.77,CHEMBL1875,Serotonin 4 (5-HT4) receptor,CC(C)n1c(=O)c(C(=O)NCCCN2CCCCC2)c(O)c2ccsc21
CHEMBL3329435,PF-05212377,9.3,CHEMBL3371,Serotonin 6 (5-HT6) receptor,Cc1nc2c(N3CCNCC3)cccc2n1S(=O)(=O)c1ccccc1
CHEMBL33864,"LIPOIC ACID, ALPHA",6.46,CHEMBL1075138,Tyrosyl-DNA phosphodiesterase 1,O=C(O)CCCCC1CCSS1
CHEMBL3421729,MEVIDALEN,8.96,CHEMBL2056,Dopamine D1 receptor,C[C@H]1c2cccc(CCC(C)(C)O)c2C[C@H](CO)N1C(=O)Cc1c(Cl)cccc1Cl
CHEMBL3545157,TIDEGLUSIB,8.3,CHEMBL262,Glycogen synthase kinase-3 beta,O=c1sn(-c2cccc3ccccc23)c(=O)n1Cc1ccccc1
CHEMBL3545367,LEMBOREXANT,9.36,CHEMBL4792,Orexin receptor 2,Cc1ncc(OC[C@@]2(c3cccc(F)c3)C[C@H]2C(=O)Nc2ccc(F)cn2)c(C)n1
CHEMBL356388,ETAZOLATE,6.9,CHEMBL3356,Cytochrome P450 1A2,CCOC(=O)c1cnc2c(cnn2CC)c1NN=C(C)C
CHEMBL3597971,SELTOREXANT,8.05,CHEMBL4792,Orexin receptor 2,Cc1cc(C)nc(N2CC3CN(C(=O)c4c(F)cccc4-n4nccn4)CC3C2)n1
CHEMBL3634561,GSK-2647544,8.47,CHEMBL3514,LDL-associated phospholipase A2,O=c1nc(OCCc2ccc(Oc3ccc(Cl)c(C(F)(F)F)c3)cc2)[nH]cc1Cc1cncnc1
CHEMBL3659477,VAROGLUTAMSTAT,7.61,CHEMBL4508,Glutaminyl-peptide cyclotransferase,CCCOc1ccc([C@H]2CNC(=O)N2c2ccc3[nH]cnc3c2)cc1
CHEMBL3670800,LAZUCIRNON,8.49,CHEMBL3473,C-C chemokine receptor type 3,Cc1cc(C(=O)N(C)C)cc(NC(=O)[C@H]2CCC(=O)N2C2CCN(Cc3ccc(Cl)c(C)c3)CC2)n1
CHEMBL367149,DOCONEXENT,5.7,CHEMBL1628461,Oxoeicosanoid receptor 1,CC/C=C\C/C=C\C/C=C\C/C=C\C/C=C\C/C=C\CCC(=O)O
CHEMBL372205,LECOZOTAN,8.8,CHEMBL214,Serotonin 1a (5-HT1a) receptor,C[C@H](CN(C(=O)c1ccc(C#N)cc1)c1ccccn1)N1CCN(c2cccc3c2OCCO3)CC1
CHEMBL374478,RIFAMPIN,6.72,CHEMBL3401,Pregnane X receptor,CO[C@H]1/C=C/O[C@@]2(C)Oc3c(C)c(O)c4c(O)c(c(/C=N/N5CCN(C)CC5)c(O)c4c3C2=O)NC(=O)/C(C)=C\C=C\[C@H](C)[C@H](O)[C@@H](C)[C@@H](O)[C@@H](C)[C@H](OC(C)=O)[C@@H]1C
CHEMBL3912108,,8.95,CHEMBL244,Coagulation factor X,O=C(Nc1ccc(N2CCOCC2=O)cc1)c1cc(CO)n(Cc2cc(-c3ccc(Cl)s3)on2)n1
CHEMBL3916243,ATABECESTAT,9.89,CHEMBL4822,Beta-secretase 1,C[C@@]1(c2cc(NC(=O)c3ccc(C#N)cn3)ccc2F)C=CSC(N)=N1
CHEMBL393220,ATORVASTATIN CALCIUM,6.35,CHEMBL1697668,Solute carrier organic anion transporter family member 1B1,CC(C)c1c(C(=O)Nc2ccccc2)c(-c2ccccc2)c(-c2ccc(F)cc2)n1CC[C@@H](O)C[C@@H](O)CC(=O)[O-].CC(C)c1c(C(=O)Nc2ccccc2)c(-c2ccccc2)c(-c2ccc(F)cc2)n1CC[C@@H](O)C[C@@H](O)CC(=O)[O-].[Ca+2]
CHEMBL3970784,,7.73,CHEMBL3880,Heat shock protein HSP 90-alpha,CN(C(=O)c1cc2c(C(=O)N3CCCC3)n[nH]c2cc1O)c1ccc(N2CCOCC2)cc1
CHEMBL3989929,AZELIRAGON,7.9,CHEMBL2176846,Advanced glycosylation end product-specific receptor,CCCCc1nc(-c2ccc(OCCCN(CC)CC)cc2)cn1-c1ccc(Oc2ccc(Cl)cc2)cc1
CHEMBL3989948,LANABECESTAT,9.22,CHEMBL4822,Beta-secretase 1,CC#Cc1cncc(-c2ccc3c(c2)[C@@]2(N=C(C)C(N)=N2)[C@]2(CC[C@H](OC)CC2)C3)c1
CHEMBL4078588,MK-7622,8.1,CHEMBL216,Muscarinic acetylcholine receptor M1,Cc1ccc(Cc2cc3c(=O)n([C@H]4CCCC[C@@H]4O)cnc3c3ccccc23)cn1
CHEMBL4084119,LIRAGLUTIDE,10.18,CHEMBL1784,Glucagon-like peptide 1 receptor,CCCCCCCCCCCCCCCC(=O)N[C@@H](CCC(=O)NCCCC[C@H](NC(=O)[C@H](C)NC(=O)[C@H](C)NC(=O)[C@H](CCC(N)=O)NC(=O)CNC(=O)[C@H](CCC(=O)O)NC(=O)[C@H](CC(C)C)NC(=O)[C@H](Cc1ccc(O)cc1)NC(=O)[C@H](CO)NC(=O)[C@H](CO)NC(=O)[C@@H](NC(=O)[C@H](CC(=O)O)NC(=O)[C@H](CO)NC(=O)[C@@H](NC(=O)[C@H](Cc1ccccc1)NC(=O)[C@@H](NC(=O)CNC(=O)[C@H](CCC(=O)O)NC(=O)[C@H](C)NC(=O)[C@@H](N)Cc1cnc[nH]1)[C@@H](C)O)[C@@H](C)O)C(C)C)C(=O)N[C@@H](CCC(=O)O)C(=O)N[C@@H](Cc1ccccc1)C(=O)N[C@H](C(=O)N[C@@H](C)C(=O)N[C@@H](Cc1c[nH]c2ccccc12)C(=O)N[C@@H](CC(C)C)C(=O)N[C@H](C(=O)N[C@@H](CCCNC(=N)N)C(=O)NCC(=O)N[C@@H](CCCNC(=N)N)C(=O)NCC(=O)O)C(C)C)[C@@H](C)CC)C(=O)O
CHEMBL4129018,MW-150,7.0,CHEMBL260,MAP kinase p38 alpha,CN1CCN(c2cc(-c3ccncc3)c(-c3ccc4ccccc4c3)nn2)CC1
CHEMBL4204869,ELENBECESTAT,8.15,CHEMBL4822,Beta-secretase 1,C[C@H]1OC[C@]2(c3cc(NC(=O)c4cnc(C(F)F)cn4)ccc3F)N=C(N)SC[C@H]12
CHEMBL4206492,OSORESNONTRINE,7.28,CHEMBL3535,Phosphodiesterase 9A,O=c1[nH]c(Cc2ccccn2)nc2c1cnn2C1CCOCC1
CHEMBL428880,CROMOLYN,7.28,CHEMBL1293267,G-protein coupled receptor 35,O=C(O)c1cc(=O)c2c(OCC(O)COc3cccc4oc(C(=O)O)cc(=O)c34)cccc2o1
CHEMBL4297438,T-817 MALEATE,7.8,CHEMBL287,Sigma opioid receptor,O=C(O)/C=C\C(=O)O.OC1CN(CCCOCCc2ccc3sccc3c2)C1
CHEMBL429910,DAPAGLIFLOZIN,9.31,CHEMBL3884,Sodium/glucose cotransporter 2,CCOc1ccc(Cc2cc([C@@H]3O[C@H](CO)[C@@H](O)[C@H](O)[C@H]3O)ccc2Cl)cc1
CHEMBL433,VALPROATE SODIUM,7.7,CHEMBL5162,Neuropeptide S receptor,CCCC(CCC)C(=O)[O-].[Na+]
CHEMBL449158,BRYOSTATIN 1,9.36,CHEMBL2996,Protein kinase C delta,CCC/C=C/C=C/C(=O)O[C@H]1/C(=C/C(=O)OC)C[C@H]2C[C@H]([C@@H](C)O)OC(=O)C[C@H](O)C[C@@H]3C[C@H](OC(C)=O)C(C)(C)[C@](O)(C[C@@H]4C/C(=C/C(=O)OC)C[C@H](/C=C/C(C)(C)[C@]1(O)O2)O4)O3
CHEMBL4541964,ZATOLMILAST,8.13,CHEMBL288,Phosphodiesterase 4D,O=C(O)Cc1ccc(Cc2cc(-c3cccc(Cl)c3)nc(C(F)(F)F)c2)cc1
CHEMBL457,GEMFIBROZIL,7.0,CHEMBL3194,Transthyretin,Cc1ccc(C)c(OCCCC(C)(C)C(=O)O)c1
CHEMBL4571075,BMS-984923,9.22,CHEMBL3227,Metabotropic glutamate receptor 5,O=C1N[C@H](c2cncc(C#Cc3ccccc3)c2)[C@@H](c2ccccc2Cl)O1
CHEMBL468,THALIDOMIDE,6.69,CHEMBL233,Mu opioid receptor,O=C1CCC(N2C(=O)c3ccccc3C2=O)C(=O)N1
CHEMBL468154,SCYLLITOL,4.0,CHEMBL2487,Amyloid-beta A4 protein,O[C@H]1[C@H](O)[C@@H](O)[C@H](O)[C@@H](O)[C@@H]1O
CHEMBL476323,MK-0249,9.28,CHEMBL264,Histamine H3 receptor,Cc1nc2cccc(C(F)(F)F)c2c(=O)n1-c1ccc(OCCCN2CCCC2)cc1
CHEMBL4802155,VAFIDEMSTAT,9.85,CHEMBL6136,Lysine-specific histone demethylase 1,Nc1nnc(CN[C@@H]2C[C@H]2c2ccc(OCc3ccccc3)cc2)o1
CHEMBL493,BROMOCRIPTINE,9.7,CHEMBL234,Dopamine D3 receptor,CC(C)C[C@H]1C(=O)N2CCC[C@H]2[C@]2(O)O[C@](NC(=O)[C@@H]3C=C4c5cccc6[nH]c(Br)c(c56)C[C@H]4N(C)C3)(C(C)C)C(=O)N12
CHEMBL50,QUERCETIN,7.92,CHEMBL1978,Cytochrome P450 19A1,O=c1c(O)c(-c2ccc(O)c(O)c2)oc2cc(O)cc(O)c12
CHEMBL501680,BILIRUBIN,6.14,CHEMBL1697668,Solute carrier organic anion transporter family member 1B1,C=CC1=C(C)/C(=C/c2[nH]c(Cc3[nH]c(/C=C4\NC(=O)C(C)=C4C=C)c(C)c3CCC(=O)O)c(CCC(=O)O)c2C)NC1=O
CHEMBL502,DONEPEZIL,8.7,CHEMBL220,Acetylcholinesterase,COc1cc2c(cc1OC)C(=O)C(CC1CCN(Cc3ccccc3)CC1)C2
CHEMBL517427,NILVADIPINE,6.36,CHEMBL1980,Sodium channel protein type V alpha subunit,COC(=O)C1=C(C#N)NC(C)=C(C(=O)OC(C)C)C1c1cccc([N+](=O)[O-])c1
CHEMBL521,IBUPROFEN,8.25,CHEMBL1293235,Prelamin-A/C,CC(C)Cc1ccc(C(C)C(=O)O)cc1
CHEMBL52440,DEXTROMETHORPHAN,8.84,CHEMBL228,Serotonin transporter,COc1ccc2c(c1)[C@]13CCCC[C@@H]1[C@H](C2)N(C)CC3
CHEMBL5314924,MK-8189,10.54,CHEMBL4409,Phosphodiesterase 10A,Cc1ccc([C@H]2C[C@@H]2COc2cc(NCc3nnc(C)s3)nc(C)n2)nc1
CHEMBL5314959,HTL-9936,7.5,CHEMBL216,Muscarinic acetylcholine receptor M1,CCOC(=O)N1CCC[C@H](N2CCC(C(=O)NC3(C)CCC3)CC2)CC1
CHEMBL54,HALOPERIDOL,10.22,CHEMBL234,Dopamine D3 receptor,O=C(CCCN1CCC(O)(c2ccc(Cl)cc2)CC1)c1ccc(F)cc1
CHEMBL542541,HYDRALAZINE HYDROCHLORIDE,5.25,CHEMBL1293224,Microtubule-associated protein tau,Cl.NNc1nncc2ccccc12
CHEMBL547,ISOTRETINOIN,6.8,CHEMBL4523454,Olfactory receptor 51E2,CC1=C(/C=C/C(C)=C/C=C/C(C)=C\C(=O)O)C(C)(C)CCC1
CHEMBL550495,METHYLENE BLUE,5.8,CHEMBL4159,Endoplasmic reticulum-associated amyloid beta-peptide-binding protein,CN(C)c1ccc2nc3ccc(=[N+](C)C)cc-3sc2c1.O.O.O.[Cl-]
CHEMBL55643,COPPER,5.58,CHEMBL1250402,Transient receptor potential cation channel subfamily M member 2,
CHEMBL559478,SSR180711,7.85,CHEMBL2492,Neuronal acetylcholine receptor protein alpha-7 subunit,O=C(Oc1ccc(Br)cc1)N1CCN2CCC1CC2
CHEMBL566752,FLORBETABEN F18,8.66,CHEMBL2487,Amyloid-beta A4 protein,CNc1ccc(/C=C/c2ccc(OCCOCCOCC[18F])cc2)cc1
CHEMBL569713,SCOPOLAMINE,9.15,CHEMBL211,Muscarinic acetylcholine receptor M2,CN1[C@@H]2C[C@@H](OC(=O)[C@H](CO)c3ccccc3)C[C@H]1[C@@H]1O[C@@H]12
CHEMBL577294,2-HYDROXYPROPYL-BETA-CYCLODEXTRIN,7.4,CHEMBL1833,Serotonin 2b (5-HT2b) receptor,CC(O)COC[C@H]1O[C@@H]2O[C@H]3[C@H](O)[C@@H](O)[C@@H](O[C@H]4[C@H](O)[C@@H](O)[C@@H](O[C@H]5[C@H](O)[C@@H](O)[C@@H](O[C@H]6[C@H](O)[C@@H](O)[C@@H](O[C@H]7[C@H](O)[C@@H](O)[C@@H](O[C@H]8[C@H](O)[C@@H](O)[C@@H](O[C@H]1[C@H](O)[C@H]2O)O[C@@H]8COCC(C)O)O[C@@H]7COCC(C)O)O[C@@H]6COCC(C)O)O[C@@H]5COCC(C)O)O[C@@H]4COCC(C)O)O[C@@H]3COCC(C)O
CHEMBL579205,FLUTEMETAMOL,9.13,CHEMBL2487,Amyloid-beta A4 protein,CNc1ccc(-c2nc3ccc(O)cc3s2)cc1F
CHEMBL580,LORAZEPAM,4.58,CHEMBL208,Progesterone receptor,O=C1Nc2ccc(Cl)cc2C(c2ccccc2Cl)=NC1O
CHEMBL589390,LATREPIRDINE,8.1,CHEMBL3155,Serotonin 7 (5-HT7) receptor,Cc1ccc2c(c1)c1c(n2CCc2ccc(C)nc2)CCN(C)C1
CHEMBL592868,ESTROGEN,10.55,CHEMBL206,Estrogen receptor alpha,CC#C[C@]1(O)CC[C@H]2[C@@H]3CCc4cc(O)ccc4[C@H]3CC[C@@]21C
CHEMBL595,PIOGLITAZONE,7.21,CHEMBL235,Peroxisome proliferator-activated receptor gamma,CCc1ccc(CCOc2ccc(CC3SC(=O)NC3=O)cc2)nc1
CHEMBL6,INDOMETHACIN,9.85,CHEMBL221,Cyclooxygenase-1,COc1ccc2c(c1)c(CC(=O)O)c(C)n2C(=O)c1ccc(Cl)cc1
CHEMBL600,ACETYLCYSTEINE,7.6,CHEMBL2903,Arachidonate 15-lipoxygenase,CC(=O)N[C@@H](CS)C(=O)O
CHEMBL621,TRAZODONE,8.25,CHEMBL224,Serotonin 2a (5-HT2a) receptor,O=c1n(CCCN2CCN(c3cccc(Cl)c3)CC2)nc2ccccn12
CHEMBL635,PREDNISONE,7.54,CHEMBL2034,Glucocorticoid receptor,C[C@]12C=CC(=O)C=C1CC[C@@H]1[C@@H]2C(=O)C[C@@]2(C)[C@H]1CC[C@]2(O)C(=O)CO
CHEMBL636,RIVASTIGMINE,7.84,CHEMBL1914,Butyrylcholinesterase,CCN(C)C(=O)Oc1cccc([C@H](C)N(C)C)c1
CHEMBL64391,ITRACONAZOLE,7.52,CHEMBL4302,P-glycoprotein 1,CCC(C)n1ncn(-c2ccc(N3CCN(c4ccc(OCC5COC(Cn6cncn6)(c6ccc(Cl)cc6Cl)O5)cc4)CC3)cc2)c1=O
CHEMBL655,MIDAZOLAM,7.21,CHEMBL340,Cytochrome P450 3A4,Cc1ncc2n1-c1ccc(Cl)cc1C(c1ccccc1F)=NC2
CHEMBL659,GALANTAMINE,7.21,CHEMBL220,Acetylcholinesterase,COc1ccc2c3c1O[C@H]1C[C@@H](O)C=C[C@@]31CCN(C)C2
CHEMBL717,MEDROXYPROGESTERONE ACETATE,10.0,CHEMBL208,Progesterone receptor,CC(=O)O[C@]1(C(C)=O)CC[C@H]2[C@@H]3C[C@H](C)C4=CC(=O)CC[C@]4(C)[C@H]3CC[C@@]21C
CHEMBL744,RILUZOLE,6.5,CHEMBL3356,Cytochrome P450 1A2,Nc1nc2ccc(OC(F)(F)F)cc2s1
CHEMBL773,GLYCINE,7.24,CHEMBL4523454,Olfactory receptor 51E2,NCC(=O)O
CHEMBL778,DEXMEDETOMIDINE,10.82,CHEMBL223,Alpha-1d adrenergic receptor,Cc1cccc([C@H](C)c2c[nH]cn2)c1C
CHEMBL787,MONTELUKAST,9.3,CHEMBL1798,Cysteinyl leukotriene receptor 1,CC(C)(O)c1ccccc1CC[C@@H](SCC1(CC(=O)O)CC1)c1cccc(/C=C/c2ccc3ccc(Cl)cc3n2)c1
CHEMBL796,METHYLPHENIDATE,7.77,CHEMBL238,Dopamine transporter,COC(=O)C(c1ccccc1)C1CCCCN1
CHEMBL807,MEMANTINE,8.31,CHEMBL220,Acetylcholinesterase,CC12CC3CC(C)(C1)CC(N)(C3)C2
CHEMBL81,RALOXIFENE,10.52,CHEMBL206,Estrogen receptor alpha,O=C(c1ccc(OCCN2CCCCC2)cc1)c1c(-c2ccc(O)cc2)sc2cc(O)ccc12
CHEMBL83980,BOHEMINE,6.1,CHEMBL301,Cyclin-dependent kinase 2,CC(C)n1cnc2c(NCc3ccccc3)nc(NCCCO)nc21
CHEMBL85,RISPERIDONE,10.0,CHEMBL224,Serotonin 2a (5-HT2a) receptor,Cc1nc2n(c(=O)c1CCN1CCC(c3noc4cc(F)ccc34)CC1)CCCC2
CHEMBL862,GUANFACINE,8.4,CHEMBL4040,MAP kinase ERK2,N=C(N)NC(=O)Cc1c(Cl)cccc1Cl
CHEMBL887,RASAGILINE,8.85,CHEMBL3371,Serotonin 6 (5-HT6) receptor,C#CCN[C@@H]1CCc2ccccc21
CHEMBL894,BUPROPION,6.48,CHEMBL238,Dopamine transporter,CC(NC(C)(C)C)C(=O)c1cccc(Cl)c1
CHEMBL98,VORINOSTAT,9.07,CHEMBL325,Histone deacetylase 1,O=C(CCCCCCC(=O)Nc1ccccc1)NO
