diseaseClasses_MSH,diseaseName,diseaseType,diseaseUMLSCUI,disease_inheritance,disease_prevalence_class,disease_prevalence_geo_area,disease_prevalence_type,geneNcbiID,geneNcbiType,geneProteinClassNames,score,symbolOfGene
[Nervous System Diseases (C10)],Parkinson Disease,disease,C0030567,,,,,4129.0,protein-coding,[],1.0,MAOB
"[Mental Disorders (F03), Nervous System Diseases (C10)]",Alzheimer's Disease,disease,C0002395,,,,,4129.0,protein-coding,[],0.95,MAOB
[Mental Disorders (F03)],Depressive disorder,disease,C0011581,,,,,4129.0,protein-coding,[],0.85,MAOB
[Behavior and Behavior Mechanisms (F01)],Mental Depression,disease,C0011570,,,,,4129.0,protein-coding,[],0.85,MAOB
[Mental Disorders (F03)],Schizophrenia,disease,C0036341,,,,,4129.0,protein-coding,[],0.75,MAOB
[Mental Disorders (F03)],Major Depressive Disorder,disease,C1269683,,,,,4129.0,protein-coding,[],0.75,MAOB
"[Mental Disorders (F03), Chemically-Induced Disorders (C25)]","Alcoholic Intoxication, Chronic",disease,C0001973,,,,,4129.0,protein-coding,[],0.7,MAOB
[Mental Disorders (F03)],Bipolar Disorder,disease,C0005586,,,,,4129.0,protein-coding,[],0.7,MAOB
[Mental Disorders (F03)],Unipolar Depression,disease,C0041696,,,,,4129.0,protein-coding,[],0.65,MAOB
"[Nutritional and Metabolic Diseases (C18), Digestive System Diseases (C06), Nervous System Diseases (C10)]",Hepatic Encephalopathy,disease,C0019151,,,,,4129.0,protein-coding,[],0.65,MAOB
"[Congenital, Hereditary, and Neonatal Diseases and Abnormalities (C16), Nervous System Diseases (C10), Mental Disorders (F03)]",Huntington Disease,disease,C0020179,Autosomal dominant,"1-9 / 100 000,1-9 / 1 000 000,1-9 / 100 000,1-5 / 10 000,1-5 / 10 000,1-9 / 1 000 000,1-9 / 1 000 000,1-9 / 1 000 000,1-9 / 100 000,1-9 / 1 000 000,1-9 / 1 000 000,1-9 / 100 000,<1 / 1 000 000,1-9 / 1 000 000,1-9 / 100 000,<1 / 1 000 000,1-9 / 1 000 000,1-9 / 1 000 000,1-9 / 100 000,1-9 / 100 000,1-9 / 100 000,1-9 / 1 000 000,1-9 / 1 000 000,1-5 / 10 000,1-9 / 100 000,1-9 / 1 000 000,1-9 / 100 000,1-9 / 100 000,1-9 / 1 000 000","Greece,Worldwide,Worldwide,Europe,Ireland,Italy,Canada,United States,United States,Japan,Australia,Australia,China,China,Slovenia,Taiwan, Province of China,Taiwan, Province of China,Iceland,Iceland,Norway,Sweden,Greece,Finland,Egypt,Cyprus,Cyprus,Denmark,Spain,Spain","Point prevalence,Annual incidence,Point prevalence,Point prevalence,Point prevalence,Annual incidence,Annual incidence,Annual incidence,Point prevalence,Point prevalence,Annual incidence,Point prevalence,Annual incidence,Point prevalence,Point prevalence,Annual incidence,Point prevalence,Annual incidence,Point prevalence,Point prevalence,Point prevalence,Annual incidence,Point prevalence,Point prevalence,Point prevalence,Annual incidence,Point prevalence,Point prevalence,Annual incidence",4129.0,protein-coding,[],0.65,MAOB
[Mental Disorders (F03)],Mood Disorders,disease,C0525045,,,,,4129.0,protein-coding,[],0.6,MAOB
[Mental Disorders (F03)],Autistic Disorder,disease,C0004352,,,,,4129.0,protein-coding,[],0.6,MAOB
[Neoplasms (C04)],Extraadrenal pheochromocytoma,disease,C1257877,,,,,4129.0,protein-coding,[],0.4,MAOB
[Neoplasms (C04)],Pheochromocytoma,disease,C0031511,,,,,4129.0,protein-coding,[],0.4,MAOB
"[Digestive System Diseases (C06), Neoplasms (C04)]",Colonic Neoplasms,disease,C0009375,,,,,4129.0,protein-coding,[],0.4,MAOB
[Cardiovascular Diseases (C14)],Hypotension,phenotype,C0020649,,,,,4129.0,protein-coding,[],0.4,MAOB
"[Pathological Conditions, Signs and Symptoms (C23)]","Plaque, Amyloid",disease,C2936349,,,,,4129.0,protein-coding,[],0.4,MAOB
[Hemic and Lymphatic Diseases (C15)],"Anemia, Megaloblastic",disease,C0002888,,,,,4129.0,protein-coding,[],0.4,MAOB
[Urogenital Diseases (C12)],Endometriosis,disease,C0014175,,,,,4129.0,protein-coding,[],0.4,MAOB
"[Congenital, Hereditary, and Neonatal Diseases and Abnormalities (C16), Nervous System Diseases (C10), Nutritional and Metabolic Diseases (C18)]",Gaucher Disease,disease,C0017205,Autosomal recessive,"1-9 / 100 000,1-9 / 100 000,1-9 / 1 000 000,1-9 / 100 000,1-9 / 100 000,1-9 / 100 000,1-9 / 1 000 000,1-9 / 100 000,1-9 / 100 000,1-9 / 100 000,1-9 / 100 000,1-9 / 100 000,1-9 / 1 000 000,1-9 / 100 000,1-9 / 1 000 000","Europe,Europe,Spain,Austria,France,France,France,Australia,Czech Republic,Portugal,Netherlands,Hungary,Turkey,Sweden,China","Annual incidence,Point prevalence,Point prevalence,Prevalence at birth,Annual incidence,Prevalence at birth,Point prevalence,Prevalence at birth,Prevalence at birth,Prevalence at birth,Prevalence at birth,Prevalence at birth,Prevalence at birth,Prevalence at birth,Point prevalence",2629.0,protein-coding,[],1.0,GBA1
[Nervous System Diseases (C10)],Parkinson Disease,disease,C0030567,,,,,2629.0,protein-coding,[],1.0,GBA1
"[Nutritional and Metabolic Diseases (C18), Nervous System Diseases (C10), Congenital, Hereditary, and Neonatal Diseases and Abnormalities (C16)]","Gaucher Disease, Type 1",disease,C1961835,Autosomal recessive,"1-9 / 100 000,1-9 / 100 000","Europe,Italy","Point prevalence,Prevalence at birth",2629.0,protein-coding,[],1.0,GBA1
"[Mental Disorders (F03), Nervous System Diseases (C10)]",Lewy Body Disease,disease,C0752347,,,,,2629.0,protein-coding,[],1.0,GBA1
"[Congenital, Hereditary, and Neonatal Diseases and Abnormalities (C16), Nervous System Diseases (C10), Nutritional and Metabolic Diseases (C18)]","Gaucher Disease, Type 3",disease,C0268251,Autosomal recessive,<1 / 1 000 000,Europe,Point prevalence,2629.0,protein-coding,[],1.0,GBA1
"[Congenital, Hereditary, and Neonatal Diseases and Abnormalities (C16), Nervous System Diseases (C10), Nutritional and Metabolic Diseases (C18)]","Gaucher Disease, Type 2",disease,C0268250,Autosomal recessive,<1 / 1 000 000,Europe,Point prevalence,2629.0,protein-coding,[],1.0,GBA1
[Nervous System Diseases (C10)],Parkinsonian Disorders,disease,C0242422,,,,,2629.0,protein-coding,[],1.0,GBA1
"[Nervous System Diseases (C10), Mental Disorders (F03)]",Dementia,disease,C0497327,,,,,2629.0,protein-coding,[],1.0,GBA1
[],"PARKINSON DISEASE, LATE-ONSET",disease,C3160718,,,,,2629.0,protein-coding,[],0.95,GBA1
"[Congenital, Hereditary, and Neonatal Diseases and Abnormalities (C16), Nervous System Diseases (C10), Nutritional and Metabolic Diseases (C18)]","GAUCHER DISEASE, PERINATAL LETHAL",disease,C1842704,,<1 / 1 000 000,Worldwide,Point prevalence,2629.0,protein-coding,[],0.9,GBA1
[Hemic and Lymphatic Diseases (C15)],Thrombocytopenia,disease,C0040034,,,,,2629.0,protein-coding,[],0.7,GBA1
[Nervous System Diseases (C10)],Movement Disorders,disease,C0026650,,,,,2629.0,protein-coding,[],0.65,GBA1
"[Nervous System Diseases (C10), Pathological Conditions, Signs and Symptoms (C23)]",Tremor,phenotype,C0040822,,,,,2629.0,protein-coding,[],0.65,GBA1
"[Musculoskeletal Diseases (C05), Pathological Conditions, Signs and Symptoms (C23), Nervous System Diseases (C10)]",Muscle Rigidity,phenotype,C0026837,,,,,2629.0,protein-coding,[],0.65,GBA1
"[Nutritional and Metabolic Diseases (C18), Nervous System Diseases (C10), Congenital, Hereditary, and Neonatal Diseases and Abnormalities (C16)]","Gaucher Disease, Type Iiic",disease,C1856476,,,,,2629.0,protein-coding,[],0.6,GBA1
"[Nutritional and Metabolic Diseases (C18), Nervous System Diseases (C10), Congenital, Hereditary, and Neonatal Diseases and Abnormalities (C16)]",Gaucher-like disease,disease,C2931585,Autosomal recessive,<1 / 1 000 000,Worldwide,Point prevalence,2629.0,protein-coding,[],0.6,GBA1
[Nervous System Diseases (C10)],Autosomal dominant late onset Parkinson disease,disease,C4274355,Autosomal dominant,,,,2629.0,protein-coding,[],0.6,GBA1
[Cardiovascular Diseases (C14)],Hypertensive disease,disease,C0020538,,,,,2629.0,protein-coding,[],0.55,GBA1
[Nutritional and Metabolic Diseases (C18)],Other sphingolipidosis,disease,C0348489,,,,,2629.0,protein-coding,[],0.5,GBA1
[],Abnormality of speech or vocalization,phenotype,C3687424,,,,,2629.0,protein-coding,[],0.45,GBA1
"[Nervous System Diseases (C10), Pathological Conditions, Signs and Symptoms (C23)]",Expressionless face,phenotype,C0813217,,,,,2629.0,protein-coding,[],0.45,GBA1
"[Nervous System Diseases (C10), Pathological Conditions, Signs and Symptoms (C23)]",Resting tremor,phenotype,C0234379,,,,,2629.0,protein-coding,[],0.45,GBA1
"[Nervous System Diseases (C10), Pathological Conditions, Signs and Symptoms (C23)]",Akinesia,phenotype,C0085623,,,,,2629.0,protein-coding,[],0.45,GBA1
[Hemic and Lymphatic Diseases (C15)],Bleeding tendency,phenotype,C1458140,,,,,2629.0,protein-coding,[],0.45,GBA1
[],"DEMENTIA, LEWY BODY, SUSCEPTIBILITY TO",phenotype,C2676021,,,,,2629.0,protein-coding,[],0.4,GBA1
"[Cardiovascular Diseases (C14), Respiratory Tract Diseases (C08)]",Pulmonary Hypertension,phenotype,C0020542,,,,,2629.0,protein-coding,[],0.4,GBA1
"[Congenital, Hereditary, and Neonatal Diseases and Abnormalities (C16), Nervous System Diseases (C10), Hemic and Lymphatic Diseases (C15)]",Alpha thalassemia X-linked intellectual disability syndrome,disease,C1845055,X-linked recessive,,,,2629.0,protein-coding,[],0.4,GBA1
[Neoplasms (C04)],Hepatoblastoma,disease,C0206624,Not applicable,"<1 / 1 000 000,<1 / 1 000 000,<1 / 1 000 000,<1 / 1 000 000,<1 / 1 000 000,<1 / 1 000 000,<1 / 1 000 000,<1 / 1 000 000,<1 / 1 000 000,<1 / 1 000 000,<1 / 1 000 000,<1 / 1 000 000,<1 / 1 000 000,<1 / 1 000 000,<1 / 1 000 000,<1 / 1 000 000,<1 / 1 000 000,<1 / 1 000 000,<1 / 1 000 000,<1 / 1 000 000,<1 / 1 000 000,<1 / 1 000 000,<1 / 1 000 000","Europe,Austria,Belgium,Bulgaria,Croatia,Czech Republic,Estonia,Finland,Germany,Ireland,Italy,Latvia,Lithuania,Malta,Norway,Poland,Portugal,Slovakia,Slovenia,Spain,Switzerland,Netherlands,United Kingdom","Annual incidence,Annual incidence,Annual incidence,Annual incidence,Annual incidence,Annual incidence,Annual incidence,Annual incidence,Annual incidence,Annual incidence,Annual incidence,Annual incidence,Annual incidence,Annual incidence,Annual incidence,Annual incidence,Annual incidence,Annual incidence,Annual incidence,Annual incidence,Annual incidence,Annual incidence,Annual incidence",2629.0,protein-coding,[],0.4,GBA1
"[Nervous System Diseases (C10), Musculoskeletal Diseases (C05), Pathological Conditions, Signs and Symptoms (C23)]",Muscle Weakness Lower Limb,phenotype,C1836296,,,,,2629.0,protein-coding,[],0.4,GBA1
[Nutritional and Metabolic Diseases (C18)],Hyperlipidemia,disease,C0020473,,,,,2629.0,protein-coding,[],0.4,GBA1
[Musculoskeletal Diseases (C05)],Thoracolumbar scoliosis,disease,C0749379,,,,,2629.0,protein-coding,[],0.4,GBA1
"[Musculoskeletal Diseases (C05), Pathological Conditions, Signs and Symptoms (C23), Nervous System Diseases (C10)]",Cogwheel muscle rigidity,phenotype,C0151564,,,,,2629.0,protein-coding,[],0.4,GBA1
"[Mental Disorders (F03), Nervous System Diseases (C10)]",Alzheimer's Disease,disease,C0002395,,,,,4137.0,protein-coding,[],1.0,MAPT
[Nervous System Diseases (C10)],Tauopathies,disease,C0949664,,,,,4137.0,protein-coding,[],1.0,MAPT
"[Mental Disorders (F03), Nutritional and Metabolic Diseases (C18), Nervous System Diseases (C10)]",Frontotemporal dementia,disease,C0338451,Autosomal dominant,1-9 / 100 000,Italy,Annual incidence,4137.0,protein-coding,[],1.0,MAPT
"[Nervous System Diseases (C10), Mental Disorders (F03)]",Dementia,disease,C0497327,,,,,4137.0,protein-coding,[],1.0,MAPT
"[Nervous System Diseases (C10), Eye Diseases (C11), Pathological Conditions, Signs and Symptoms (C23)]",Progressive supranuclear palsy,disease,C0038868,"Not applicable,Not applicable","1-9 / 100 000,1-9 / 100 000,1-5 / 10 000,1-9 / 100 000,1-9 / 100 000,1-5 / 10 000,1-9 / 100 000,1-9 / 1 000 000,1-9 / 1 000 000,1-9 / 1 000 000","Worldwide,Worldwide,Europe,United States,Italy,Guadeloupe,United Kingdom,Libyan Arab Jamahiriya,United States,Australia","Annual incidence,Point prevalence,Point prevalence,Point prevalence,Point prevalence,Point prevalence,Point prevalence,Annual incidence,Annual incidence,Annual incidence",4137.0,protein-coding,[],1.0,MAPT
[Nervous System Diseases (C10)],Parkinson Disease,disease,C0030567,,,,,4137.0,protein-coding,[],1.0,MAPT
[Nervous System Diseases (C10)],Parkinsonian Disorders,disease,C0242422,,,,,4137.0,protein-coding,[],1.0,MAPT
"[Nervous System Diseases (C10), Mental Disorders (F03)]",Pick Disease of the Brain,disease,C0236642,,,,,4137.0,protein-coding,[],1.0,MAPT
[Nervous System Diseases (C10)],Neurodegenerative Disorders,disease,C0524851,,,,,4137.0,protein-coding,[],0.95,MAPT
[Mental Disorders (F03)],Mental deterioration,disease,C0234985,,,,,4137.0,protein-coding,[],0.9,MAPT
"[Behavior and Behavior Mechanisms (F01), Nervous System Diseases (C10), Pathological Conditions, Signs and Symptoms (C23)]",Memory impairment,disease,C0233794,,,,,4137.0,protein-coding,[],0.9,MAPT
[],"PARKINSON DISEASE, LATE-ONSET",disease,C3160718,,,,,4137.0,protein-coding,[],0.85,MAPT
[Nervous System Diseases (C10)],Multiple System Atrophy,phenotype,C0393571,"Multigenic/multifactorial,Not applicable","1-9 / 100 000,1-9 / 100 000,1-9 / 1 000 000,1-9 / 100 000,1-9 / 100 000,1-9 / 100 000,1-9 / 1 000 000,1-9 / 100 000,1-9 / 1 000 000,1-9 / 100 000,1-5 / 10 000,1-9 / 100 000","Worldwide,Worldwide,Iceland,Iceland,Sweden,United Kingdom,United States,France,Russian Federation,Italy,Japan,Faroe Islands","Point prevalence,Annual incidence,Annual incidence,Point prevalence,Annual incidence,Point prevalence,Annual incidence,Point prevalence,Annual incidence,Point prevalence,Point prevalence,Point prevalence",4137.0,protein-coding,[],0.85,MAPT
"[Mental Disorders (F03), Nervous System Diseases (C10), Nutritional and Metabolic Diseases (C18), Pathological Conditions, Signs and Symptoms (C23)]",Primary Progressive Nonfluent Aphasia,disease,C0751706,"Multigenic/multifactorial,Not applicable",1-9 / 100 000,Europe,Point prevalence,4137.0,protein-coding,[],0.8,MAPT
[Nervous System Diseases (C10)],"Epilepsy, Temporal Lobe",disease,C0014556,,,,,4137.0,protein-coding,[],0.8,MAPT
"[Mental Disorders (F03), Nutritional and Metabolic Diseases (C18), Nervous System Diseases (C10)]",Semantic dementia,disease,C0338462,"Multigenic/multifactorial,Not applicable",,,,4137.0,protein-coding,[],0.75,MAPT
[Mental Disorders (F03)],Anxiety Disorders,disease,C0003469,,,,,4137.0,protein-coding,[],0.75,MAPT
"[Mental Disorders (F03), Nutritional and Metabolic Diseases (C18), Nervous System Diseases (C10)]",Behavioral variant of frontotemporal dementia,disease,C4011788,Autosomal dominant,1-9 / 100 000,Netherlands,Point prevalence,4137.0,protein-coding,[],0.7,MAPT
"[Nutritional and Metabolic Diseases (C18), Nervous System Diseases (C10), Mental Disorders (F03)]",Pallidopontonigral degeneration,disease,C0520716,,,,,4137.0,protein-coding,[],0.7,MAPT
"[Pathological Conditions, Signs and Symptoms (C23)]",Degenerative disorder (disorder),disease,C1285162,,,,,4137.0,protein-coding,[],0.7,MAPT
"[Neoplasms (C04), Urogenital Diseases (C12)]",Malignant neoplasm of prostate,disease,C0376358,,,,,4137.0,protein-coding,[],0.65,MAPT
"[Pathological Conditions, Signs and Symptoms (C23), Cardiovascular Diseases (C14)]",Atrial Fibrillation,disease,C0004238,,,,,4137.0,protein-coding,[],0.65,MAPT
"[Mental Disorders (F03), Nervous System Diseases (C10), Pathological Conditions, Signs and Symptoms (C23)]",Learning Disabilities,disease,C0751265,,,,,4137.0,protein-coding,[],0.65,MAPT
"[Neoplasms (C04), Digestive System Diseases (C06)]",Liver carcinoma,disease,C2239176,Not applicable,"1-9 / 100 000,1-5 / 10 000,1-9 / 100 000,1-9 / 100 000,1-9 / 100 000,1-9 / 100 000,1-9 / 100 000,1-5 / 10 000,1-9 / 100 000,1-9 / 100 000,1-5 / 10 000,1-5 / 10 000,1-5 / 10 000,1-5 / 10 000,6-9 / 10 000,1-5 / 10 000,1-9 / 100 000,1-9 / 100 000,1-9 / 100 000,1-9 / 100 000,1-9 / 100 000,1-9 / 100 000,1-9 / 100 000,1-9 / 100 000,1-9 / 100 000,1-9 / 100 000,1-9 / 100 000,1-9 / 100 000,1-9 / 100 000,1-9 / 1 000 000,1-9 / 100 000,1-9 / 100 000,1-9 / 100 000,1-9 / 100 000","United States,Europe,France,United Kingdom,Germany,Spain,Italy,Greece,Canada,Oceania,Latin America,China,Japan,Korea, Republic of,Mongolia,Africa,Europe,Austria,Belgium,Bulgaria,Croatia,Czech Republic,Estonia,Finland,Iceland,Ireland,Latvia,Lithuania,Norway,Poland,Portugal,Slovakia,Switzerland,Netherlands","Annual incidence,Point prevalence,Annual incidence,Annual incidence,Annual incidence,Annual incidence,Annual incidence,Annual incidence,Annual incidence,Annual incidence,Annual incidence,Annual incidence,Annual incidence,Annual incidence,Annual incidence,Annual incidence,Annual incidence,Annual incidence,Annual incidence,Annual incidence,Annual incidence,Annual incidence,Annual incidence,Annual incidence,Annual incidence,Annual incidence,Annual incidence,Annual incidence,Annual incidence,Annual incidence,Annual incidence,Annual incidence,Annual incidence,Annual incidence",4137.0,protein-coding,[],0.6,MAPT
[Nervous System Diseases (C10)],Progressive supranuclear palsy parkinsonism syndrome (disorder),disease,C5548370,Not applicable,,,,4137.0,protein-coding,[],0.6,MAPT
"[Nervous System Diseases (C10), Behavior and Behavior Mechanisms (F01), Pathological Conditions, Signs and Symptoms (C23)]",Memory Disorders,disease,C0025261,,,,,4137.0,protein-coding,[],0.55,MAPT
"[Pathological Conditions, Signs and Symptoms (C23)]",Weight Loss,phenotype,C1262477,,,,,4137.0,protein-coding,[],0.55,MAPT
[Musculoskeletal Diseases (C05)],Osteoarthritis of hip,disease,C0029410,,,,,4137.0,protein-coding,[],0.55,MAPT
"[Eye Diseases (C11), Nervous System Diseases (C10), Pathological Conditions, Signs and Symptoms (C23)]","Supranuclear Palsy, Progressive, 1",disease,C4551863,,,,,4137.0,protein-coding,[],0.5,MAPT
[],Progressive supranuclear palsy corticobasal syndrome (disorder),disease,C5548189,Not applicable,1-9 / 1 000 000,Europe,Point prevalence,4137.0,protein-coding,[],0.5,MAPT
"[Nervous System Diseases (C10), Eye Diseases (C11), Pathological Conditions, Signs and Symptoms (C23)]","Supranuclear Palsy, Progressive, 1, Atypical",disease,C1850077,,,,,4137.0,protein-coding,[],0.45,MAPT
[Mental Disorders (F03)],"Delirium, Dementia, Amnestic, Cognitive Disorders",disease,C0029227,,,,,4137.0,protein-coding,[],0.45,MAPT
"[Mental Disorders (F03), Nervous System Diseases (C10)]",Other specified senile psychotic conditions,disease,C0154319,,,,,4137.0,protein-coding,[],0.45,MAPT
[Nervous System Diseases (C10)],Autosomal dominant late onset Parkinson disease,disease,C4274355,Autosomal dominant,,,,4137.0,protein-coding,[],0.45,MAPT
"[Pathological Conditions, Signs and Symptoms (C23), Behavior and Behavior Mechanisms (F01), Nervous System Diseases (C10)]",Psychomotor Agitation,phenotype,C3887612,,,,,4137.0,protein-coding,[],0.4,MAPT
"[Nutritional and Metabolic Diseases (C18), Respiratory Tract Diseases (C08)]",Acute respiratory failure,disease,C0264490,,,,,4137.0,protein-coding,[],0.4,MAPT
"[Pathological Conditions, Signs and Symptoms (C23), Nervous System Diseases (C10)]",Ataxia,phenotype,C0004134,,,,,4137.0,protein-coding,[],0.4,MAPT
[Cardiovascular Diseases (C14)],Cardiomyopathies,disease,C0878544,,,,,4137.0,protein-coding,[],0.4,MAPT
"[Pathological Conditions, Signs and Symptoms (C23)]",Splenomegaly,phenotype,C0038002,,,,,4137.0,protein-coding,[],0.4,MAPT
"[Pathological Conditions, Signs and Symptoms (C23)]",Weight Gain,phenotype,C0043094,,,,,4137.0,protein-coding,[],0.4,MAPT
"[Eye Diseases (C11), Nervous System Diseases (C10), Pathological Conditions, Signs and Symptoms (C23)]","Ophthalmoplegia, Progressive Supranuclear",disease,C4551862,,,,,4137.0,protein-coding,[],0.4,MAPT
"[Nervous System Diseases (C10), Mental Disorders (F03), Pathological Conditions, Signs and Symptoms (C23)]",Learning Disorders,disease,C0023186,,,,,4137.0,protein-coding,[],0.4,MAPT
[Cardiovascular Diseases (C14)],Primary cardiomyopathy,disease,C0033141,,,,,4137.0,protein-coding,[],0.4,MAPT
[Cardiovascular Diseases (C14)],"Myocardial Diseases, Secondary",disease,C0036529,,,,,4137.0,protein-coding,[],0.4,MAPT
[],PSP-PNFA,disease,C5679850,Not applicable,<1 / 1 000 000,Worldwide,Point prevalence,4137.0,protein-coding,[],0.4,MAPT
[],PSP-pure akinesia with gait freezing,disease,C5679851,Not applicable,1-9 / 100 000,Europe,Point prevalence,4137.0,protein-coding,[],0.4,MAPT
[Nervous System Diseases (C10)],Parkinson Disease,disease,C0030567,,,,,120892.0,protein-coding,[Kinase],1.0,LRRK2
[Nervous System Diseases (C10)],Parkinsonian Disorders,disease,C0242422,,,,,120892.0,protein-coding,[Kinase],1.0,LRRK2
"[Pathological Conditions, Signs and Symptoms (C23)]",Nerve Degeneration,phenotype,C0027746,,,,,120892.0,protein-coding,[Kinase],0.95,LRRK2
[Nervous System Diseases (C10)],"PARKINSON DISEASE 8, AUTOSOMAL DOMINANT",disease,C1846862,,,,,120892.0,protein-coding,[Kinase],0.9,LRRK2
[],"PARKINSON DISEASE, LATE-ONSET",disease,C3160718,,,,,120892.0,protein-coding,[Kinase],0.85,LRRK2
[Nervous System Diseases (C10)],Young onset Parkinson disease,disease,C4275179,Autosomal recessive,1-5 / 10 000,Europe,Point prevalence,120892.0,protein-coding,[Kinase],0.7,LRRK2
"[Musculoskeletal Diseases (C05), Pathological Conditions, Signs and Symptoms (C23), Nervous System Diseases (C10)]",Muscle Rigidity,phenotype,C0026837,,,,,120892.0,protein-coding,[Kinase],0.65,LRRK2
[Nervous System Diseases (C10)],Autosomal dominant late onset Parkinson disease,disease,C4274355,Autosomal dominant,,,,120892.0,protein-coding,[Kinase],0.65,LRRK2
"[Mental Disorders (F03), Nutritional and Metabolic Diseases (C18), Nervous System Diseases (C10)]",Frontotemporal dementia,disease,C0338451,Autosomal dominant,1-9 / 100 000,Italy,Annual incidence,120892.0,protein-coding,[Kinase],0.6,LRRK2
"[Congenital, Hereditary, and Neonatal Diseases and Abnormalities (C16), Nervous System Diseases (C10)]","Ataxia, Spinocerebellar",disease,C0087012,,,,,120892.0,protein-coding,[Kinase],0.5,LRRK2
"[Pathological Conditions, Signs and Symptoms (C23)]",Weight Loss,phenotype,C1262477,,,,,120892.0,protein-coding,[Kinase],0.45,LRRK2
[Digestive System Diseases (C06)],Crohn's disease of large bowel,disease,C0156147,,,,,120892.0,protein-coding,[Kinase],0.45,LRRK2
"[Musculoskeletal Diseases (C05), Congenital, Hereditary, and Neonatal Diseases and Abnormalities (C16)]","KLIPPEL-FEIL SYNDROME, AUTOSOMAL DOMINANT",disease,C1861689,,,,,120892.0,protein-coding,[Kinase],0.4,LRRK2
[Mental Disorders (F03)],Early onset Alzheimer's disease with behavioral disturbance,disease,C3697680,,,,,120892.0,protein-coding,[Kinase],0.4,LRRK2
[Eye Diseases (C11)],Blepharoptosis,disease,C0005745,,,,,120892.0,protein-coding,[Kinase],0.4,LRRK2
"[Urogenital Diseases (C12), Neoplasms (C04)]",Renal Cell Carcinoma,disease,C0007134,Not applicable,"1-5 / 10 000,1-9 / 100 000","Europe,Europe","Point prevalence,Annual incidence",120892.0,protein-coding,[Kinase],0.4,LRRK2
[Urogenital Diseases (C12)],Endometriosis,disease,C0014175,,,,,120892.0,protein-coding,[Kinase],0.4,LRRK2
"[Pathological Conditions, Signs and Symptoms (C23), Behavior and Behavior Mechanisms (F01), Nervous System Diseases (C10)]",Psychomotor Disorders,disease,C0033922,,,,,120892.0,protein-coding,[Kinase],0.4,LRRK2
[Mental Disorders (F03)],Motor Disorders,disease,C0221163,,,,,120892.0,protein-coding,[Kinase],0.4,LRRK2
[Neoplasms (C04)],mucinous adenocarcinoma of ovary,disease,C1335167,,,,,120892.0,protein-coding,[Kinase],0.4,LRRK2
[Nervous System Diseases (C10)],Brain atrophy,disease,C4551584,,,,,120892.0,protein-coding,[Kinase],0.4,LRRK2
[],"LEPROSY, SUSCEPTIBILITY TO, 1",phenotype,C1835932,,,,,120892.0,protein-coding,[Kinase],0.4,LRRK2
[Neoplasms (C04)],Ovarian Serous Adenocarcinoma,disease,C1335177,,,,,120892.0,protein-coding,[Kinase],0.4,LRRK2
"[Neoplasms (C04), Respiratory Tract Diseases (C08)]",Lung Neoplasms,disease,C0024121,,,,,5595.0,protein-coding,[Kinase],0.75,MAPK3
"[Endocrine System Diseases (C19), Urogenital Diseases (C12), Neoplasms (C04)]",ovarian neoplasm,disease,C0919267,,,,,5595.0,protein-coding,[Kinase],0.7,MAPK3
[Mental Disorders (F03)],Schizophrenia,disease,C0036341,,,,,5595.0,protein-coding,[Kinase],0.7,MAPK3
[Neoplasms (C04)],Squamous cell carcinoma,disease,C0007137,,,,,5595.0,protein-coding,[Kinase],0.65,MAPK3
[Mental Disorders (F03)],Autistic Disorder,disease,C0004352,,,,,5595.0,protein-coding,[Kinase],0.65,MAPK3
[Mental Disorders (F03)],Depressive disorder,disease,C0011581,,,,,5595.0,protein-coding,[Kinase],0.65,MAPK3
"[Pathological Conditions, Signs and Symptoms (C23)]",Hypertrophy,phenotype,C0020564,,,,,5595.0,protein-coding,[Kinase],0.65,MAPK3
[Behavior and Behavior Mechanisms (F01)],Mental Depression,disease,C0011570,,,,,5595.0,protein-coding,[Kinase],0.65,MAPK3
[Nervous System Diseases (C10)],Parkinson Disease,disease,C0030567,,,,,5595.0,protein-coding,[Kinase],0.65,MAPK3
[Cardiovascular Diseases (C14)],Cardiomyopathies,disease,C0878544,,,,,5595.0,protein-coding,[Kinase],0.55,MAPK3
"[Urogenital Diseases (C12), Neoplasms (C04)]",Endometrial adenocarcinoma,disease,C1153706,,,,,5595.0,protein-coding,[Kinase],0.55,MAPK3
"[Digestive System Diseases (C06), Neoplasms (C04)]",Adenocarcinoma of colon,disease,C0338106,,,,,5595.0,protein-coding,[Kinase],0.55,MAPK3
"[Nervous System Diseases (C10), Cardiovascular Diseases (C14)]",Brain Ischemia,disease,C0007786,,,,,5595.0,protein-coding,[Kinase],0.55,MAPK3
"[Cardiovascular Diseases (C14), Respiratory Tract Diseases (C08)]",Pulmonary Hypertension,phenotype,C0020542,,,,,5595.0,protein-coding,[Kinase],0.55,MAPK3
"[Digestive System Diseases (C06), Neoplasms (C04)]",Stomach Neoplasms,disease,C0038356,,,,,5595.0,protein-coding,[Kinase],0.5,MAPK3
"[Congenital, Hereditary, and Neonatal Diseases and Abnormalities (C16), Nervous System Diseases (C10), Nutritional and Metabolic Diseases (C18)]",Juvenile Neuronal Ceroid Lipofuscinosis,disease,C0751383,,,,,5595.0,protein-coding,[Kinase],0.5,MAPK3
[],"Endometrial Endometrioid Adenocarcinoma, Variant with Squamous Differentiation",disease,C0279763,,,,,5595.0,protein-coding,[Kinase],0.45,MAPK3
"[Urogenital Diseases (C12), Neoplasms (C04), Endocrine System Diseases (C19)]",Endometrial Endometrioid Adenocarcinoma,disease,C1336905,,,,,5595.0,protein-coding,[Kinase],0.45,MAPK3
"[Nervous System Diseases (C10), Pathological Conditions, Signs and Symptoms (C23)]",Hyperalgesia,phenotype,C0020429,,,,,5595.0,protein-coding,[Kinase],0.4,MAPK3
"[Infections (C01), Pathological Conditions, Signs and Symptoms (C23)]",Sepsis,disease,C0243026,,,,,5595.0,protein-coding,[Kinase],0.4,MAPK3
"[Nervous System Diseases (C10), Stomatognathic Diseases (C07)]",Trigeminal Neuralgia,disease,C0040997,Not applicable,"1-9 / 100 000,1-9 / 100 000","United States,United Kingdom","Annual incidence,Annual incidence",5595.0,protein-coding,[Kinase],0.4,MAPK3
"[Pathological Conditions, Signs and Symptoms (C23)]",Nerve Degeneration,phenotype,C0027746,,,,,5595.0,protein-coding,[Kinase],0.4,MAPK3
[Mental Disorders (F03)],Developmental Disabilities,disease,C0008073,,,,,5595.0,protein-coding,[Kinase],0.4,MAPK3
[Cardiovascular Diseases (C14)],Primary cardiomyopathy,disease,C0033141,,,,,5595.0,protein-coding,[Kinase],0.4,MAPK3
[],"Radiation Injuries, Experimental",disease,C0034531,,,,,5595.0,protein-coding,[Kinase],0.4,MAPK3
[Cardiovascular Diseases (C14)],"Myocardial Diseases, Secondary",disease,C0036529,,,,,5595.0,protein-coding,[Kinase],0.4,MAPK3
[Urogenital Diseases (C12)],Female infertility,phenotype,C0021361,,,,,5595.0,protein-coding,[Kinase],0.4,MAPK3
[Digestive System Diseases (C06)],"Cholestasis, Extrahepatic",disease,C0005398,,,,,5595.0,protein-coding,[Kinase],0.4,MAPK3
"[Infections (C01), Respiratory Tract Diseases (C08)]",Severe Acute Respiratory Syndrome,disease,C1175175,Not applicable,<1 / 1 000 000,Europe,Annual incidence,5595.0,protein-coding,[Kinase],0.4,MAPK3
"[Infections (C01), Respiratory Tract Diseases (C08)]",Streptococcal pneumonia,disease,C0155862,,,,,5595.0,protein-coding,[Kinase],0.4,MAPK3
"[Chemically-Induced Disorders (C25), Mental Disorders (F03)]",Cocaine-Related Disorders,disease,C0236736,,,,,5595.0,protein-coding,[Kinase],0.4,MAPK3
"[Pathological Conditions, Signs and Symptoms (C23), Neoplasms (C04)]",Neoplasm Invasiveness,phenotype,C0027626,,,,,5595.0,protein-coding,[Kinase],0.4,MAPK3
"[Neoplasms (C04), Urogenital Diseases (C12)]",Kidney Neoplasm,disease,C0022665,,,,,5595.0,protein-coding,[Kinase],0.4,MAPK3
"[Urogenital Diseases (C12), Neoplasms (C04)]",Prostatic Neoplasms,disease,C0033578,,,,,5595.0,protein-coding,[Kinase],0.4,MAPK3
"[Pathological Conditions, Signs and Symptoms (C23)]",Gliosis,phenotype,C0017639,,,,,5595.0,protein-coding,[Kinase],0.4,MAPK3
[],"CEROID LIPOFUSCINOSIS, NEURONAL, 6A",disease,C5551375,,,,,5595.0,protein-coding,[Kinase],0.4,MAPK3
"[Nutritional and Metabolic Diseases (C18), Nervous System Diseases (C10), Congenital, Hereditary, and Neonatal Diseases and Abnormalities (C16)]",Adult Neuronal Ceroid Lipofuscinosis,disease,C0022797,,,,,5595.0,protein-coding,[Kinase],0.4,MAPK3
"[Nutritional and Metabolic Diseases (C18), Congenital, Hereditary, and Neonatal Diseases and Abnormalities (C16), Nervous System Diseases (C10)]",Neuronal Ceroid-Lipofuscinoses,disease,C0027877,"Autosomal dominant,Autosomal recessive","1-9 / 1 000 000,1-9 / 1 000 000,1-9 / 1 000 000,1-9 / 100 000,1-9 / 100 000","Italy,Italy,Italy,Norway,Europe","Point prevalence,Annual incidence,Prevalence at birth,Prevalence at birth,Point prevalence",5595.0,protein-coding,[Kinase],0.4,MAPK3
"[Nutritional and Metabolic Diseases (C18), Congenital, Hereditary, and Neonatal Diseases and Abnormalities (C16), Nervous System Diseases (C10)]",Late-Infantile Neuronal Ceroid Lipofuscinosis,disease,C0022340,,,,,5595.0,protein-coding,[Kinase],0.4,MAPK3
[Neoplasms (C04)],Malignant Squamous Cell Neoplasm,disease,C0751688,,,,,5595.0,protein-coding,[Kinase],0.4,MAPK3
"[Pathological Conditions, Signs and Symptoms (C23)]",Atrophic,phenotype,C0333641,,,,,5595.0,protein-coding,[Kinase],0.4,MAPK3
[Neoplasms (C04)],Head and Neck Neoplasms,disease,C0018671,,,,,5595.0,protein-coding,[Kinase],0.4,MAPK3
"[Endocrine System Diseases (C19), Digestive System Diseases (C06), Neoplasms (C04)]","Carcinoma, Pancreatic Ductal",disease,C0887833,,,,,5595.0,protein-coding,[Kinase],0.4,MAPK3
"[Digestive System Diseases (C06), Neoplasms (C04), Endocrine System Diseases (C19)]",Malignant neoplasm of pancreatic duct,disease,C0153461,,,,,5595.0,protein-coding,[Kinase],0.4,MAPK3
"[Digestive System Diseases (C06), Neoplasms (C04)]",Adenocarcinoma of large intestine (disorder),disease,C1319315,,,,,5595.0,protein-coding,[Kinase],0.4,MAPK3
[Nervous System Diseases (C10)],Parkinson Disease,disease,C0030567,,,,,6531.0,protein-coding,[Transporter],0.95,SLC6A3
[Nervous System Diseases (C10)],"Parkinsonism-Dystonia, Infantile",disease,C2751067,Autosomal recessive,<1 / 1 000 000,Worldwide,Point prevalence,6531.0,protein-coding,[Transporter],0.95,SLC6A3
[Mental Disorders (F03)],Schizophrenia,disease,C0036341,,,,,6531.0,protein-coding,[Transporter],0.9,SLC6A3
"[Mental Disorders (F03), Chemically-Induced Disorders (C25)]","Alcoholic Intoxication, Chronic",disease,C0001973,,,,,6531.0,protein-coding,[Transporter],0.85,SLC6A3
[Mental Disorders (F03)],Depressive disorder,disease,C0011581,,,,,6531.0,protein-coding,[Transporter],0.85,SLC6A3
[Behavior and Behavior Mechanisms (F01)],Mental Depression,disease,C0011570,,,,,6531.0,protein-coding,[Transporter],0.85,SLC6A3
"[Nutritional and Metabolic Diseases (C18), Pathological Conditions, Signs and Symptoms (C23)]",Obesity,disease,C0028754,,,,,6531.0,protein-coding,[Transporter],0.8,SLC6A3
"[Pathological Conditions, Signs and Symptoms (C23), Nervous System Diseases (C10)]",Hyperkinesia,disease,C3887506,,,,,6531.0,protein-coding,[Transporter],0.8,SLC6A3
[Mental Disorders (F03)],Bipolar Disorder,disease,C0005586,,,,,6531.0,protein-coding,[Transporter],0.75,SLC6A3
[Mental Disorders (F03)],Anxiety Disorders,disease,C0003469,,,,,6531.0,protein-coding,[Transporter],0.75,SLC6A3
[Mental Disorders (F03)],Attention Deficit Disorder,disease,C0041671,,,,,6531.0,protein-coding,[Transporter],0.75,SLC6A3
"[Pathological Conditions, Signs and Symptoms (C23)]",Nerve Degeneration,phenotype,C0027746,,,,,6531.0,protein-coding,[Transporter],0.75,SLC6A3
"[Mental Disorders (F03), Chemically-Induced Disorders (C25)]",Cocaine dependence,disease,C0600427,,,,,6531.0,protein-coding,[Transporter],0.75,SLC6A3
[Nervous System Diseases (C10)],nervous system disorder,disease,C0027765,,,,,6531.0,protein-coding,[Transporter],0.75,SLC6A3
"[Mental Disorders (F03), Chemically-Induced Disorders (C25)]",Alcohol abuse,disease,C0085762,,,,,6531.0,protein-coding,[Transporter],0.7,SLC6A3
"[Mental Disorders (F03), Chemically-Induced Disorders (C25)]",Nicotine Dependence,disease,C0028043,,,,,6531.0,protein-coding,[Transporter],0.7,SLC6A3
[Mental Disorders (F03)],Mood Disorders,disease,C0525045,,,,,6531.0,protein-coding,[Transporter],0.65,SLC6A3
"[Mental Disorders (F03), Nervous System Diseases (C10)]",Tic disorder,disease,C0040188,,,,,6531.0,protein-coding,[Transporter],0.65,SLC6A3
[Mental Disorders (F03)],Mild cognitive disorder,disease,C1270972,,,,,6531.0,protein-coding,[Transporter],0.65,SLC6A3
"[Mental Disorders (F03), Chemically-Induced Disorders (C25)]",Cocaine abuse,disease,C0009171,,,,,6531.0,protein-coding,[Transporter],0.65,SLC6A3
"[Skin and Connective Tissue Diseases (C17), Neoplasms (C04)]",Malignant neoplasm of breast,disease,C0006142,,,,,6531.0,protein-coding,[Transporter],0.65,SLC6A3
[Behavior and Behavior Mechanisms (F01)],Irritation - emotion,phenotype,C2700617,,,,,6531.0,protein-coding,[Transporter],0.65,SLC6A3
"[Mental Disorders (F03), Chemically-Induced Disorders (C25), Nervous System Diseases (C10)]",Alcohol Withdrawal Delirium,disease,C0001957,,,,,6531.0,protein-coding,[Transporter],0.6,SLC6A3
"[Mental Disorders (F03), Behavior and Behavior Mechanisms (F01), Pathological Conditions, Signs and Symptoms (C23), Nervous System Diseases (C10)]",Delirium,disease,C0011206,,,,,6531.0,protein-coding,[Transporter],0.6,SLC6A3
"[Pathological Conditions, Signs and Symptoms (C23), Nervous System Diseases (C10), Chemically-Induced Disorders (C25)]",Alcohol Withdrawal Seizures,disease,C0586323,,,,,6531.0,protein-coding,[Transporter],0.6,SLC6A3
"[Pathological Conditions, Signs and Symptoms (C23), Nervous System Diseases (C10), Mental Disorders (F03)]",Dyslexia,disease,C0476254,,,,,6531.0,protein-coding,[Transporter],0.6,SLC6A3
"[Behavior and Behavior Mechanisms (F01), Nervous System Diseases (C10), Pathological Conditions, Signs and Symptoms (C23)]",Anhedonia,disease,C0178417,,,,,6531.0,protein-coding,[Transporter],0.55,SLC6A3
[Mental Disorders (F03)],Paranoia,disease,C1456784,,,,,6531.0,protein-coding,[Transporter],0.5,SLC6A3
"[Nervous System Diseases (C10), Behavior and Behavior Mechanisms (F01), Pathological Conditions, Signs and Symptoms (C23)]",Memory Disorders,disease,C0025261,,,,,6531.0,protein-coding,[Transporter],0.5,SLC6A3
[Mental Disorders (F03)],Severe major depression with psychotic features,disease,C0270458,,,,,6531.0,protein-coding,[Transporter],0.5,SLC6A3
[],"PARKINSONISM-DYSTONIA, INFANTILE, 1",disease,C5700336,,,,,6531.0,protein-coding,[Transporter],0.45,SLC6A3
"[Nervous System Diseases (C10), Pathological Conditions, Signs and Symptoms (C23)]",Limb dystonia,phenotype,C0751093,,,,,6531.0,protein-coding,[Transporter],0.45,SLC6A3
"[Chemically-Induced Disorders (C25), Mental Disorders (F03)]",Cocaine-Related Disorders,disease,C0236736,,,,,6531.0,protein-coding,[Transporter],0.4,SLC6A3
[],"NICOTINE DEPENDENCE, PROTECTION AGAINST",phenotype,C4016025,,,,,6531.0,protein-coding,[Transporter],0.4,SLC6A3
[],Specific disorders of sleep of nonorganic origin,disease,C0154564,,,,,6531.0,protein-coding,[Transporter],0.4,SLC6A3
"[Mental Disorders (F03), Nervous System Diseases (C10)]",Other specified senile psychotic conditions,disease,C0154319,,,,,6531.0,protein-coding,[Transporter],0.4,SLC6A3
[],Other specified transient organic mental disorders,disease,C0154334,,,,,6531.0,protein-coding,[Transporter],0.4,SLC6A3
[],Amphetamine or related acting sympathomimetic abuse,disease,C0154536,,,,,6531.0,protein-coding,[Transporter],0.4,SLC6A3
"[Pathological Conditions, Signs and Symptoms (C23)]",Difficulty walking,phenotype,C0311394,,,,,6531.0,protein-coding,[Transporter],0.4,SLC6A3
"[Otorhinolaryngologic Diseases (C09), Digestive System Diseases (C06)]",Deglutition Disorders,disease,C0011168,,,,,6531.0,protein-coding,[Transporter],0.4,SLC6A3
[],Abnormality of equilibrium,phenotype,C1836150,,,,,6531.0,protein-coding,[Transporter],0.4,SLC6A3
"[Nervous System Diseases (C10), Pathological Conditions, Signs and Symptoms (C23)]",Delayed speech and language development,phenotype,C0454644,,,,,6531.0,protein-coding,[Transporter],0.4,SLC6A3
[],"TOBACCO ADDICTION, SUSCEPTIBILITY TO",phenotype,C1861063,,,,,6531.0,protein-coding,[Transporter],0.4,SLC6A3
[Mental Disorders (F03)],Schizophrenia,disease,C0036341,,,,,1813.0,protein-coding,[G-protein coupled receptor],1.0,DRD2
"[Mental Disorders (F03), Chemically-Induced Disorders (C25)]","Alcoholic Intoxication, Chronic",disease,C0001973,,,,,1813.0,protein-coding,[G-protein coupled receptor],1.0,DRD2
"[Nutritional and Metabolic Diseases (C18), Pathological Conditions, Signs and Symptoms (C23)]",Obesity,disease,C0028754,,,,,1813.0,protein-coding,[G-protein coupled receptor],0.95,DRD2
"[Chemically-Induced Disorders (C25), Mental Disorders (F03)]",Heroin Dependence,disease,C0019337,,,,,1813.0,protein-coding,[G-protein coupled receptor],0.95,DRD2
[Nervous System Diseases (C10)],Parkinson Disease,disease,C0030567,,,,,1813.0,protein-coding,[G-protein coupled receptor],0.9,DRD2
[Mental Disorders (F03)],Depressive disorder,disease,C0011581,,,,,1813.0,protein-coding,[G-protein coupled receptor],0.9,DRD2
[Mental Disorders (F03)],Bipolar Disorder,disease,C0005586,,,,,1813.0,protein-coding,[G-protein coupled receptor],0.9,DRD2
"[Nutritional and Metabolic Diseases (C18), Endocrine System Diseases (C19)]","Diabetes Mellitus, Non-Insulin-Dependent",disease,C0011860,,,,,1813.0,protein-coding,[G-protein coupled receptor],0.9,DRD2
[Behavior and Behavior Mechanisms (F01)],Mental Depression,disease,C0011570,,,,,1813.0,protein-coding,[G-protein coupled receptor],0.85,DRD2
[Mental Disorders (F03)],Anxiety Disorders,disease,C0003469,,,,,1813.0,protein-coding,[G-protein coupled receptor],0.85,DRD2
"[Mental Disorders (F03), Chemically-Induced Disorders (C25)]",Nicotine Dependence,disease,C0028043,,,,,1813.0,protein-coding,[G-protein coupled receptor],0.85,DRD2
"[Mental Disorders (F03), Chemically-Induced Disorders (C25)]",Cocaine dependence,disease,C0600427,,,,,1813.0,protein-coding,[G-protein coupled receptor],0.85,DRD2
[Nervous System Diseases (C10)],Movement Disorders,disease,C0026650,,,,,1813.0,protein-coding,[G-protein coupled receptor],0.85,DRD2
"[Nervous System Diseases (C10), Endocrine System Diseases (C19), Neoplasms (C04)]",Pituitary Neoplasms,disease,C0032019,,,,,1813.0,protein-coding,[G-protein coupled receptor],0.85,DRD2
[Cardiovascular Diseases (C14)],Hypertensive disease,disease,C0020538,,,,,1813.0,protein-coding,[G-protein coupled receptor],0.85,DRD2
[Nervous System Diseases (C10)],Parkinsonian Disorders,disease,C0242422,,,,,1813.0,protein-coding,[G-protein coupled receptor],0.8,DRD2
[Mental Disorders (F03)],Major Depressive Disorder,disease,C1269683,,,,,1813.0,protein-coding,[G-protein coupled receptor],0.8,DRD2
"[Nervous System Diseases (C10), Pathological Conditions, Signs and Symptoms (C23)]",Dystonia,phenotype,C0013421,,,,,1813.0,protein-coding,[G-protein coupled receptor],0.8,DRD2
[Mental Disorders (F03)],Mood Disorders,disease,C0525045,,,,,1813.0,protein-coding,[G-protein coupled receptor],0.8,DRD2
"[Chemically-Induced Disorders (C25), Mental Disorders (F03)]",Opiate Addiction,disease,C0524662,,,,,1813.0,protein-coding,[G-protein coupled receptor],0.8,DRD2
"[Endocrine System Diseases (C19), Nervous System Diseases (C10)]",Hyperprolactinemia,disease,C0020514,,,,,1813.0,protein-coding,[G-protein coupled receptor],0.75,DRD2
[Mental Disorders (F03)],Unipolar Depression,disease,C0041696,,,,,1813.0,protein-coding,[G-protein coupled receptor],0.75,DRD2
"[Pathological Conditions, Signs and Symptoms (C23), Psychological Phenomena (F02)]",Pain,phenotype,C0030193,,,,,1813.0,protein-coding,[G-protein coupled receptor],0.75,DRD2
"[Pathological Conditions, Signs and Symptoms (C23)]",Weight Gain,phenotype,C0043094,,,,,1813.0,protein-coding,[G-protein coupled receptor],0.75,DRD2
[Nervous System Diseases (C10)],Myoclonic dystonia,disease,C1834570,"Autosomal dominant,Not applicable",1-9 / 1 000 000,Europe,Point prevalence,1813.0,protein-coding,[G-protein coupled receptor],0.75,DRD2
"[Nervous System Diseases (C10), Pathological Conditions, Signs and Symptoms (C23)]",Dyskinetic syndrome,disease,C0013384,,,,,1813.0,protein-coding,[G-protein coupled receptor],0.75,DRD2
"[Mental Disorders (F03), Chemically-Induced Disorders (C25)]",Alcohol abuse,disease,C0085762,,,,,1813.0,protein-coding,[G-protein coupled receptor],0.75,DRD2
"[Pathological Conditions, Signs and Symptoms (C23), Cardiovascular Diseases (C14)]",Tachycardia,phenotype,C0039231,,,,,1813.0,protein-coding,[G-protein coupled receptor],0.7,DRD2
"[Mental Disorders (F03), Chemically-Induced Disorders (C25)]",Cocaine abuse,disease,C0009171,,,,,1813.0,protein-coding,[G-protein coupled receptor],0.65,DRD2
"[Nervous System Diseases (C10), Pathological Conditions, Signs and Symptoms (C23)]",Catalepsy,disease,C0007370,,,,,1813.0,protein-coding,[G-protein coupled receptor],0.65,DRD2
[Nervous System Diseases (C10)],Migraine with Aura,disease,C0154723,,,,,1813.0,protein-coding,[G-protein coupled receptor],0.65,DRD2
"[Pathological Conditions, Signs and Symptoms (C23), Nervous System Diseases (C10)]",Hyperkinesia,disease,C3887506,,,,,1813.0,protein-coding,[G-protein coupled receptor],0.65,DRD2
"[Mental Disorders (F03), Chemically-Induced Disorders (C25)]",Cannabis Dependence,disease,C0006870,,,,,1813.0,protein-coding,[G-protein coupled receptor],0.65,DRD2
"[Behavior and Behavior Mechanisms (F01), Nervous System Diseases (C10), Pathological Conditions, Signs and Symptoms (C23)]",Anhedonia,disease,C0178417,,,,,1813.0,protein-coding,[G-protein coupled receptor],0.65,DRD2
[Mental Disorders (F03)],"Disruptive, Impulse Control, and Conduct Disorders",disease,C0021122,,,,,1813.0,protein-coding,[G-protein coupled receptor],0.6,DRD2
[Mental Disorders (F03)],Attention Deficit Disorder,disease,C0041671,,,,,1813.0,protein-coding,[G-protein coupled receptor],0.6,DRD2
"[Mental Disorders (F03), Behavior and Behavior Mechanisms (F01), Pathological Conditions, Signs and Symptoms (C23), Nervous System Diseases (C10)]",Delirium,disease,C0011206,,,,,1813.0,protein-coding,[G-protein coupled receptor],0.6,DRD2
"[Mental Disorders (F03), Chemically-Induced Disorders (C25)]",Marijuana Abuse,disease,C0024809,,,,,1813.0,protein-coding,[G-protein coupled receptor],0.6,DRD2
[Nervous System Diseases (C10)],Basal Ganglia Diseases,disease,C0004782,,,,,1813.0,protein-coding,[G-protein coupled receptor],0.55,DRD2
[Cardiovascular Diseases (C14)],Hypotension,phenotype,C0020649,,,,,1813.0,protein-coding,[G-protein coupled receptor],0.55,DRD2
"[Cardiovascular Diseases (C14), Pathological Conditions, Signs and Symptoms (C23)]",Bradycardia,phenotype,C0428977,,,,,1813.0,protein-coding,[G-protein coupled receptor],0.55,DRD2
"[Urogenital Diseases (C12), Pathological Conditions, Signs and Symptoms (C23)]","Kidney Failure, Chronic",disease,C0022661,,,,,1813.0,protein-coding,[G-protein coupled receptor],0.55,DRD2
"[Nervous System Diseases (C10), Pathological Conditions, Signs and Symptoms (C23)]",Language Disorders,disease,C0023015,,,,,1813.0,protein-coding,[G-protein coupled receptor],0.5,DRD2
[Mental Disorders (F03)],"Major depression, single episode (disorder)",disease,C0024517,,,,,1813.0,protein-coding,[G-protein coupled receptor],0.5,DRD2
[Mental Disorders (F03)],Recurrent depression,disease,C0221480,,,,,1813.0,protein-coding,[G-protein coupled receptor],0.5,DRD2
"[Chemically-Induced Disorders (C25), Mental Disorders (F03)]",Cocaine-Related Disorders,disease,C0236736,,,,,1813.0,protein-coding,[G-protein coupled receptor],0.45,DRD2
"[Chemically-Induced Disorders (C25), Nervous System Diseases (C10), Pathological Conditions, Signs and Symptoms (C23)]","Dyskinesia, Drug-Induced",disease,C0013386,,,,,1813.0,protein-coding,[G-protein coupled receptor],0.45,DRD2
"[Chemically-Induced Disorders (C25), Mental Disorders (F03)]",Substance-Related Disorders,disease,C0236969,,,,,1813.0,protein-coding,[G-protein coupled receptor],0.45,DRD2
[],Alcohol mental disor NEC,disease,C1456283,,,,,1813.0,protein-coding,[G-protein coupled receptor],0.45,DRD2
[],Amphetamine or related acting sympathomimetic abuse,disease,C0154536,,,,,1813.0,protein-coding,[G-protein coupled receptor],0.4,DRD2
"[Skin and Connective Tissue Diseases (C17), Urogenital Diseases (C12)]",Chiari-Frommel Syndrome,disease,C0008043,,,,,1813.0,protein-coding,[G-protein coupled receptor],0.4,DRD2
[Mental Disorders (F03)],Developmental Disabilities,disease,C0008073,,,,,1813.0,protein-coding,[G-protein coupled receptor],0.4,DRD2
"[Nervous System Diseases (C10), Behavior and Behavior Mechanisms (F01), Pathological Conditions, Signs and Symptoms (C23)]",Memory Disorders,disease,C0025261,,,,,1813.0,protein-coding,[G-protein coupled receptor],0.4,DRD2
[Mental Disorders (F03)],"Delirium, Dementia, Amnestic, Cognitive Disorders",disease,C0029227,,,,,1813.0,protein-coding,[G-protein coupled receptor],0.4,DRD2
"[Congenital, Hereditary, and Neonatal Diseases and Abnormalities (C16), Neoplasms (C04), Musculoskeletal Diseases (C05)]",Proteus Syndrome,disease,C0085261,Not applicable,"<1 / 1 000 000,<1 / 1 000 000","Europe,Europe","Prevalence at birth,Point prevalence",207.0,protein-coding,[Kinase],1.0,AKT1
"[Endocrine System Diseases (C19), Urogenital Diseases (C12), Neoplasms (C04)]",ovarian neoplasm,disease,C0919267,,,,,207.0,protein-coding,[Kinase],1.0,AKT1
"[Skin and Connective Tissue Diseases (C17), Neoplasms (C04)]",Malignant neoplasm of breast,disease,C0006142,,,,,207.0,protein-coding,[Kinase],0.95,AKT1
"[Nutritional and Metabolic Diseases (C18), Endocrine System Diseases (C19)]","Diabetes Mellitus, Non-Insulin-Dependent",disease,C0011860,,,,,207.0,protein-coding,[Kinase],0.9,AKT1
"[Neoplasms (C04), Digestive System Diseases (C06)]",Malignant neoplasm of large intestine,disease,C0346629,,,,,207.0,protein-coding,[Kinase],0.9,AKT1
"[Skin and Connective Tissue Diseases (C17), Neoplasms (C04)]",Mammary Neoplasms,disease,C1458155,,,,,207.0,protein-coding,[Kinase],0.9,AKT1
"[Endocrine System Diseases (C19), Urogenital Diseases (C12), Neoplasms (C04)]",Malignant neoplasm of ovary,disease,C1140680,,1-5 / 10 000,Europe,Point prevalence,207.0,protein-coding,[Kinase],0.9,AKT1
[Mental Disorders (F03)],Schizophrenia,disease,C0036341,,,,,207.0,protein-coding,[Kinase],0.85,AKT1
"[Neoplasms (C04), Nervous System Diseases (C10)]",Meningioma,disease,C0025286,Not applicable,"1-9 / 100 000,1-9 / 100 000","Germany,United States","Annual incidence,Annual incidence",207.0,protein-coding,[Kinase],0.85,AKT1
"[Nutritional and Metabolic Diseases (C18), Pathological Conditions, Signs and Symptoms (C23)]",Obesity,disease,C0028754,,,,,207.0,protein-coding,[Kinase],0.85,AKT1
[Mental Disorders (F03)],Bipolar Disorder,disease,C0005586,,,,,207.0,protein-coding,[Kinase],0.8,AKT1
"[Digestive System Diseases (C06), Neoplasms (C04)]",Malignant tumor of colon,disease,C0007102,,,,,207.0,protein-coding,[Kinase],0.8,AKT1
"[Pathological Conditions, Signs and Symptoms (C23)]",Inflammation,phenotype,C0021368,,,,,207.0,protein-coding,[Kinase],0.8,AKT1
"[Urogenital Diseases (C12), Neoplasms (C04)]",Prostatic Neoplasms,disease,C0033578,,,,,207.0,protein-coding,[Kinase],0.8,AKT1
[Nervous System Diseases (C10)],Parkinson Disease,disease,C0030567,,,,,207.0,protein-coding,[Kinase],0.8,AKT1
"[Neoplasms (C04), Respiratory Tract Diseases (C08)]",Lung Neoplasms,disease,C0024121,,,,,207.0,protein-coding,[Kinase],0.8,AKT1
"[Neoplasms (C04), Urogenital Diseases (C12)]",Malignant neoplasm of prostate,disease,C0376358,,,,,207.0,protein-coding,[Kinase],0.75,AKT1
"[Neoplasms (C04), Digestive System Diseases (C06)]",Liver carcinoma,disease,C2239176,Not applicable,"1-9 / 100 000,1-5 / 10 000,1-9 / 100 000,1-9 / 100 000,1-9 / 100 000,1-9 / 100 000,1-9 / 100 000,1-5 / 10 000,1-9 / 100 000,1-9 / 100 000,1-5 / 10 000,1-5 / 10 000,1-5 / 10 000,1-5 / 10 000,6-9 / 10 000,1-5 / 10 000,1-9 / 100 000,1-9 / 100 000,1-9 / 100 000,1-9 / 100 000,1-9 / 100 000,1-9 / 100 000,1-9 / 100 000,1-9 / 100 000,1-9 / 100 000,1-9 / 100 000,1-9 / 100 000,1-9 / 100 000,1-9 / 100 000,1-9 / 1 000 000,1-9 / 100 000,1-9 / 100 000,1-9 / 100 000,1-9 / 100 000","United States,Europe,France,United Kingdom,Germany,Spain,Italy,Greece,Canada,Oceania,Latin America,China,Japan,Korea, Republic of,Mongolia,Africa,Europe,Austria,Belgium,Bulgaria,Croatia,Czech Republic,Estonia,Finland,Iceland,Ireland,Latvia,Lithuania,Norway,Poland,Portugal,Slovakia,Switzerland,Netherlands","Annual incidence,Point prevalence,Annual incidence,Annual incidence,Annual incidence,Annual incidence,Annual incidence,Annual incidence,Annual incidence,Annual incidence,Annual incidence,Annual incidence,Annual incidence,Annual incidence,Annual incidence,Annual incidence,Annual incidence,Annual incidence,Annual incidence,Annual incidence,Annual incidence,Annual incidence,Annual incidence,Annual incidence,Annual incidence,Annual incidence,Annual incidence,Annual incidence,Annual incidence,Annual incidence,Annual incidence,Annual incidence,Annual incidence,Annual incidence",207.0,protein-coding,[Kinase],0.75,AKT1
"[Pathological Conditions, Signs and Symptoms (C23), Neoplasms (C04)]",Carcinogenesis,disease,C0596263,,,,,207.0,protein-coding,[Kinase],0.75,AKT1
[Neoplasms (C04)],Adenocarcinoma of lung (disorder),disease,C0152013,,,,,207.0,protein-coding,[Kinase],0.75,AKT1
[Mental Disorders (F03)],Depressive disorder,disease,C0011581,,,,,207.0,protein-coding,[Kinase],0.75,AKT1
[Neoplasms (C04)],Squamous cell carcinoma,disease,C0007137,,,,,207.0,protein-coding,[Kinase],0.75,AKT1
[Behavior and Behavior Mechanisms (F01)],Mental Depression,disease,C0011570,,,,,207.0,protein-coding,[Kinase],0.75,AKT1
[],COWDEN SYNDROME 6,disease,C3554519,,,,,207.0,protein-coding,[Kinase],0.7,AKT1
[Neoplasms (C04)],Squamous cell carcinoma of the head and neck,disease,C1168401,,,,,207.0,protein-coding,[Kinase],0.7,AKT1
"[Urogenital Diseases (C12), Neoplasms (C04)]",Malignant neoplasm of urinary bladder,disease,C0005684,,,,,207.0,protein-coding,[Kinase],0.7,AKT1
[Neoplasms (C04)],Adenocarcinoma,disease,C0001418,,,,,207.0,protein-coding,[Kinase],0.7,AKT1
[Nervous System Diseases (C10)],Epilepsy,disease,C0014544,,,,,207.0,protein-coding,[Kinase],0.7,AKT1
[Digestive System Diseases (C06)],Non-alcoholic Fatty Liver Disease,disease,C0400966,,,,,207.0,protein-coding,[Kinase],0.7,AKT1
"[Digestive System Diseases (C06), Neoplasms (C04)]",Colorectal Neoplasms,disease,C0009404,,,,,207.0,protein-coding,[Kinase],0.7,AKT1
"[Skin and Connective Tissue Diseases (C17), Neoplasms (C04)]",Skin Neoplasms,disease,C0037286,,,,,207.0,protein-coding,[Kinase],0.7,AKT1
"[Pathological Conditions, Signs and Symptoms (C23), Hemic and Lymphatic Diseases (C15), Neoplasms (C04)]",Philadelphia chromosome positive chronic myelogenous leukemia,disease,C0279543,Not applicable,"1-9 / 100 000,1-9 / 100 000,1-9 / 100 000,1-9 / 100 000,1-9 / 100 000","Europe,France,Europe,Europe,United States","Annual incidence,Annual incidence,Point prevalence,Lifetime Prevalence,Annual incidence",207.0,protein-coding,[Kinase],0.65,AKT1
"[Pathological Conditions, Signs and Symptoms (C23)]",Hyperplasia,phenotype,C0020507,,,,,207.0,protein-coding,[Kinase],0.65,AKT1
"[Immune System Diseases (C20), Neoplasms (C04), Hemic and Lymphatic Diseases (C15)]",T-Cell Lymphoma,disease,C0079772,,1-9 / 1 000 000,Europe,Annual incidence,207.0,protein-coding,[Kinase],0.65,AKT1
[Digestive System Diseases (C06)],Nonalcoholic steatohepatitis,disease,C3241937,,,,,207.0,protein-coding,[Kinase],0.65,AKT1
"[Digestive System Diseases (C06), Neoplasms (C04)]",Esophageal carcinoma,disease,C0152018,,"1-9 / 100 000,1-9 / 100 000,1-9 / 100 000,1-5 / 10 000,1-9 / 100 000,1-9 / 100 000,1-9 / 100 000,1-5 / 10 000,1-9 / 100 000,1-5 / 10 000,1-9 / 100 000,1-9 / 100 000,1-9 / 100 000,1-5 / 10 000,1-9 / 1 000 000,1-9 / 100 000,1-9 / 100 000,1-9 / 100 000,1-9 / 100 000,1-9 / 100 000,1-9 / 100 000,1-9 / 100 000,1-9 / 100 000,1-9 / 100 000,1-9 / 100 000,1-9 / 100 000,1-9 / 100 000,1-9 / 100 000,1-9 / 100 000,1-9 / 100 000,1-9 / 100 000,1-9 / 100 000,1-9 / 100 000,1-9 / 100 000,1-9 / 100 000,1-9 / 100 000,1-9 / 100 000","Worldwide,Europe,Europe,Europe,United States,Worldwide,France,United Kingdom,India,China,Africa,Japan,Russian Federation,Latin America,Iran, Islamic Republic of,Austria,Belgium,Bulgaria,Croatia,Czech Republic,Estonia,Finland,Germany,Iceland,Ireland,Italy,Latvia,Lithuania,Malta,Norway,Poland,Portugal,Slovakia,Slovenia,Spain,Switzerland,Netherlands","Annual incidence,Point prevalence,Annual incidence,Lifetime Prevalence,Annual incidence,Point prevalence,Annual incidence,Annual incidence,Annual incidence,Annual incidence,Annual incidence,Annual incidence,Annual incidence,Annual incidence,Point prevalence,Annual incidence,Annual incidence,Annual incidence,Annual incidence,Annual incidence,Annual incidence,Annual incidence,Annual incidence,Annual incidence,Annual incidence,Annual incidence,Annual incidence,Annual incidence,Annual incidence,Annual incidence,Annual incidence,Annual incidence,Annual incidence,Annual incidence,Annual incidence,Annual incidence,Annual incidence",207.0,protein-coding,[Kinase],0.65,AKT1
"[Digestive System Diseases (C06), Neoplasms (C04), Endocrine System Diseases (C19)]",Pancreatic Neoplasm,disease,C0030297,,,,,207.0,protein-coding,[Kinase],0.65,AKT1
"[Urogenital Diseases (C12), Neoplasms (C04)]",Bladder Neoplasm,disease,C0005695,,,,,207.0,protein-coding,[Kinase],0.6,AKT1
[Mental Disorders (F03)],Mood Disorders,disease,C0525045,,,,,207.0,protein-coding,[Kinase],0.6,AKT1
"[Pathological Conditions, Signs and Symptoms (C23), Nervous System Diseases (C10)]",Muscular Atrophy,phenotype,C0026846,,,,,207.0,protein-coding,[Kinase],0.6,AKT1
"[Congenital, Hereditary, and Neonatal Diseases and Abnormalities (C16), Neoplasms (C04)]","Hamartoma Syndrome, Multiple",disease,C0018553,Autosomal dominant,1-9 / 1 000 000,Netherlands,Point prevalence,207.0,protein-coding,[Kinase],0.6,AKT1
"[Infections (C01), Respiratory Tract Diseases (C08)]","Tuberculosis, Pulmonary",disease,C0041327,,,,,207.0,protein-coding,[Kinase],0.55,AKT1
"[Digestive System Diseases (C06), Neoplasms (C04)]",Colon Carcinoma,disease,C0699790,,,,,207.0,protein-coding,[Kinase],0.5,AKT1
"[Pathological Conditions, Signs and Symptoms (C23), Psychological Phenomena (F02)]",Pain,phenotype,C0030193,,,,,207.0,protein-coding,[Kinase],0.5,AKT1
"[Pathological Conditions, Signs and Symptoms (C23)]",Fibrosis,phenotype,C0016059,,,,,207.0,protein-coding,[Kinase],0.5,AKT1
"[Skin and Connective Tissue Diseases (C17), Neoplasms (C04)]","Breast Cancer, Familial",disease,C0346153,"Autosomal dominant,Multigenic/multifactorial",,,,207.0,protein-coding,[Kinase],0.5,AKT1
"[Mental Disorders (F03), Chemically-Induced Disorders (C25)]",Marijuana Abuse,disease,C0024809,,,,,207.0,protein-coding,[Kinase],0.5,AKT1
[],Primary malignant neoplasm of ovary and other uterine adnexa (disorder),disease,C1299247,,,,,207.0,protein-coding,[Kinase],0.5,AKT1
"[Cardiovascular Diseases (C14), Nutritional and Metabolic Diseases (C18)]",Aortic valve calcification,disease,C0428791,,,,,207.0,protein-coding,[Kinase],0.5,AKT1
[],Amphetamine or related acting sympathomimetic abuse,disease,C0154536,,,,,207.0,protein-coding,[Kinase],0.5,AKT1
"[Urogenital Diseases (C12), Neoplasms (C04)]",Adenocarcinoma of prostate,disease,C0007112,,,,,207.0,protein-coding,[Kinase],0.5,AKT1
"[Pathological Conditions, Signs and Symptoms (C23), Cardiovascular Diseases (C14)]",Cardiomegaly,phenotype,C0018800,,,,,207.0,protein-coding,[Kinase],0.45,AKT1
[Neoplasms (C04)],Intraductal papillary-mucinous adenoma,disease,C1266071,,,,,207.0,protein-coding,[Kinase],0.45,AKT1
[Mental Disorders (F03)],"Depression, Bipolar",disease,C0005587,,,,,207.0,protein-coding,[Kinase],0.45,AKT1
[Neoplasms (C04)],Ductal Breast Carcinoma,disease,C1527349,,,,,207.0,protein-coding,[Kinase],0.45,AKT1
[Mental Disorders (F03)],Mixed bipolar I disorder,disease,C0236780,,,,,207.0,protein-coding,[Kinase],0.45,AKT1
[Mental Disorders (F03)],"Bipolar I disorder, most recent episode manic (disorder)",disease,C0024713,,,,,207.0,protein-coding,[Kinase],0.45,AKT1
"[Skin and Connective Tissue Diseases (C17), Neoplasms (C04)]",Adenocarcinoma of breast,disease,C0858252,,,,,207.0,protein-coding,[Kinase],0.4,AKT1
[],Other specified transient organic mental disorders,disease,C0154334,,,,,207.0,protein-coding,[Kinase],0.4,AKT1
"[Congenital, Hereditary, and Neonatal Diseases and Abnormalities (C16), Digestive System Diseases (C06), Neoplasms (C04)]",Adenomatous Polyposis Coli,disease,C0032580,"Autosomal dominant,Autosomal recessive","1-9 / 100 000,1-5 / 10 000,1-9 / 100 000,1-9 / 100 000,1-9 / 100 000,1-5 / 10 000,1-9 / 100 000,1-5 / 10 000,1-9 / 100 000,1-9 / 1 000 000,1-9 / 100 000","Europe,Denmark,Denmark,Sweden,Sweden,Finland,Finland,United Kingdom,United Kingdom,Australia,Australia","Point prevalence,Annual incidence,Point prevalence,Annual incidence,Point prevalence,Annual incidence,Point prevalence,Prevalence at birth,Point prevalence,Annual incidence,Point prevalence",207.0,protein-coding,[Kinase],0.4,AKT1
[Digestive System Diseases (C06)],Fatty Liver,disease,C0015695,,,,,207.0,protein-coding,[Kinase],0.4,AKT1
[Cardiovascular Diseases (C14)],"Myocardial Diseases, Secondary",disease,C0036529,,,,,207.0,protein-coding,[Kinase],0.4,AKT1
"[Mental Disorders (F03), Chemically-Induced Disorders (C25)]",Cannabis Abuse,disease,C0006868,,,,,207.0,protein-coding,[Kinase],0.4,AKT1
[Nutritional and Metabolic Diseases (C18)],Hypertriglyceridemia,disease,C0020557,,,,,207.0,protein-coding,[Kinase],0.4,AKT1
"[Neoplasms (C04), Hemic and Lymphatic Diseases (C15)]",Acute Promyelocytic Leukemia,disease,C0023487,Not applicable,"1-9 / 1 000 000,1-9 / 1 000 000,1-9 / 1 000 000","United States,Europe,France","Annual incidence,Annual incidence,Annual incidence",207.0,protein-coding,[Kinase],0.4,AKT1
[Cardiovascular Diseases (C14)],Cardiomyopathies,disease,C0878544,,,,,207.0,protein-coding,[Kinase],0.4,AKT1
"[Digestive System Diseases (C06), Chemically-Induced Disorders (C25)]","Fatty Liver, Alcoholic",disease,C0015696,,,,,207.0,protein-coding,[Kinase],0.4,AKT1
[Neoplasms (C04)],Malignant Squamous Cell Neoplasm,disease,C0751688,,,,,207.0,protein-coding,[Kinase],0.4,AKT1
[],Meningothelial Cell Neoplasm,disease,C1334698,,,,,207.0,protein-coding,[Kinase],0.4,AKT1
[Cardiovascular Diseases (C14)],Primary cardiomyopathy,disease,C0033141,,,,,207.0,protein-coding,[Kinase],0.4,AKT1
"[Digestive System Diseases (C06), Pathological Conditions, Signs and Symptoms (C23)]",Hepatomegaly,phenotype,C0019209,,,,,207.0,protein-coding,[Kinase],0.4,AKT1
"[Digestive System Diseases (C06), Neoplasms (C04), Endocrine System Diseases (C19)]",Malignant neoplasm of tail of pancreas,disease,C0153460,,,,,207.0,protein-coding,[Kinase],0.4,AKT1
"[Digestive System Diseases (C06), Neoplasms (C04), Endocrine System Diseases (C19)]",Malignant neoplasm of body of pancreas,disease,C0153459,,,,,207.0,protein-coding,[Kinase],0.4,AKT1
"[Digestive System Diseases (C06), Neoplasms (C04), Endocrine System Diseases (C19)]",Malignant neoplasm of other specified sites of pancreas,disease,C0153463,,,,,207.0,protein-coding,[Kinase],0.4,AKT1
"[Digestive System Diseases (C06), Neoplasms (C04), Endocrine System Diseases (C19)]",malignant neoplasm of head of pancreas,disease,C0153458,,,,,207.0,protein-coding,[Kinase],0.4,AKT1
[Nervous System Diseases (C10)],Parkinson Disease,disease,C0030567,,,,,11315.0,protein-coding,[Enzyme],1.0,PARK7
[Nervous System Diseases (C10)],Parkinsonian Disorders,disease,C0242422,,,,,11315.0,protein-coding,[Enzyme],0.85,PARK7
[Nervous System Diseases (C10)],"PARKINSON DISEASE 7, AUTOSOMAL RECESSIVE EARLY-ONSET",disease,C1853445,,,,,11315.0,protein-coding,[Enzyme],0.85,PARK7
[Nervous System Diseases (C10)],Young onset Parkinson disease,disease,C4275179,Autosomal recessive,1-5 / 10 000,Europe,Point prevalence,11315.0,protein-coding,[Enzyme],0.8,PARK7
[],"PARKINSON DISEASE, LATE-ONSET",disease,C3160718,,,,,11315.0,protein-coding,[Enzyme],0.75,PARK7
"[Pathological Conditions, Signs and Symptoms (C23)]",Nerve Degeneration,phenotype,C0027746,,,,,11315.0,protein-coding,[Enzyme],0.75,PARK7
"[Neoplasms (C04), Digestive System Diseases (C06)]",Liver carcinoma,disease,C2239176,Not applicable,"1-9 / 100 000,1-5 / 10 000,1-9 / 100 000,1-9 / 100 000,1-9 / 100 000,1-9 / 100 000,1-9 / 100 000,1-5 / 10 000,1-9 / 100 000,1-9 / 100 000,1-5 / 10 000,1-5 / 10 000,1-5 / 10 000,1-5 / 10 000,6-9 / 10 000,1-5 / 10 000,1-9 / 100 000,1-9 / 100 000,1-9 / 100 000,1-9 / 100 000,1-9 / 100 000,1-9 / 100 000,1-9 / 100 000,1-9 / 100 000,1-9 / 100 000,1-9 / 100 000,1-9 / 100 000,1-9 / 100 000,1-9 / 100 000,1-9 / 1 000 000,1-9 / 100 000,1-9 / 100 000,1-9 / 100 000,1-9 / 100 000","United States,Europe,France,United Kingdom,Germany,Spain,Italy,Greece,Canada,Oceania,Latin America,China,Japan,Korea, Republic of,Mongolia,Africa,Europe,Austria,Belgium,Bulgaria,Croatia,Czech Republic,Estonia,Finland,Iceland,Ireland,Latvia,Lithuania,Norway,Poland,Portugal,Slovakia,Switzerland,Netherlands","Annual incidence,Point prevalence,Annual incidence,Annual incidence,Annual incidence,Annual incidence,Annual incidence,Annual incidence,Annual incidence,Annual incidence,Annual incidence,Annual incidence,Annual incidence,Annual incidence,Annual incidence,Annual incidence,Annual incidence,Annual incidence,Annual incidence,Annual incidence,Annual incidence,Annual incidence,Annual incidence,Annual incidence,Annual incidence,Annual incidence,Annual incidence,Annual incidence,Annual incidence,Annual incidence,Annual incidence,Annual incidence,Annual incidence,Annual incidence",11315.0,protein-coding,[Enzyme],0.7,PARK7
"[Pathological Conditions, Signs and Symptoms (C23), Nervous System Diseases (C10), Cardiovascular Diseases (C14)]",Cerebral Infarction,disease,C0007785,,,,,11315.0,protein-coding,[Enzyme],0.7,PARK7
[Nervous System Diseases (C10)],Motor Neuron Disease,disease,C0085084,,,,,11315.0,protein-coding,[Enzyme],0.55,PARK7
[Nervous System Diseases (C10)],"Parkinson Disease 6, Autosomal Recessive Early-Onset",disease,C1853833,,,,,11315.0,protein-coding,[Enzyme],0.4,PARK7
"[Digestive System Diseases (C06), Chemically-Induced Disorders (C25)]",Chemical and Drug Induced Liver Injury,disease,C4277682,,,,,11315.0,protein-coding,[Enzyme],0.4,PARK7
"[Pathological Conditions, Signs and Symptoms (C23)]",Reticulocytosis,phenotype,C0206160,,,,,11315.0,protein-coding,[Enzyme],0.4,PARK7
[Digestive System Diseases (C06)],Necrotizing Enterocolitis,disease,C0520459,Not applicable,1-5 / 10 000,Worldwide,Point prevalence,11315.0,protein-coding,[Enzyme],0.4,PARK7
"[Musculoskeletal Diseases (C05), Nutritional and Metabolic Diseases (C18)]",Osteoporosis,disease,C0029456,,,,,11315.0,protein-coding,[Enzyme],0.4,PARK7
"[Pathological Conditions, Signs and Symptoms (C23), Nervous System Diseases (C10), Cardiovascular Diseases (C14)]","Infarction, Middle Cerebral Artery",disease,C0740392,,,,,11315.0,protein-coding,[Enzyme],0.4,PARK7
[Nervous System Diseases (C10)],Juvenile Parkinson's disease,disease,C0752105,,,,,11315.0,protein-coding,[Enzyme],0.4,PARK7
"[Nutritional and Metabolic Diseases (C18), Nervous System Diseases (C10)]","Amyotrophic lateral sclerosis, parkinsonism, dementia complex (disorder)",disease,C0543859,,,,,11315.0,protein-coding,[Enzyme],0.4,PARK7
"[Nutritional and Metabolic Diseases (C18), Congenital, Hereditary, and Neonatal Diseases and Abnormalities (C16)]",Deficiency of aromatic-L-amino-acid decarboxylase,disease,C1291564,Autosomal recessive,<1 / 1 000 000,Worldwide,Point prevalence,1644.0,protein-coding,[],1.0,DDC
[Nervous System Diseases (C10)],Parkinson Disease,disease,C0030567,,,,,1644.0,protein-coding,[],0.95,DDC
[],Global developmental delay,disease,C0557874,,,,,1644.0,protein-coding,[],0.8,DDC
[Mental Disorders (F03)],Bipolar Disorder,disease,C0005586,,,,,1644.0,protein-coding,[],0.7,DDC
[Nervous System Diseases (C10)],Parkinsonian Disorders,disease,C0242422,,,,,1644.0,protein-coding,[],0.65,DDC
"[Mental Disorders (F03), Chemically-Induced Disorders (C25)]",Nicotine Dependence,disease,C0028043,,,,,1644.0,protein-coding,[],0.65,DDC
[Neoplasms (C04)],Pheochromocytoma,disease,C0031511,,,,,1644.0,protein-coding,[],0.6,DDC
[Mental Disorders (F03)],Major Depressive Disorder,disease,C1269683,,,,,1644.0,protein-coding,[],0.6,DDC
"[Congenital, Hereditary, and Neonatal Diseases and Abnormalities (C16), Mental Disorders (F03)]",MAJOR AFFECTIVE DISORDER 2,disease,C1839839,,,,,1644.0,protein-coding,[],0.6,DDC
"[Behavior and Behavior Mechanisms (F01), Mental Disorders (F03), Nervous System Diseases (C10)]",Mood swings,disease,C0085633,,,,,1644.0,protein-coding,[],0.55,DDC
[Mental Disorders (F03)],Unipolar Depression,disease,C0041696,,,,,1644.0,protein-coding,[],0.5,DDC
"[Nutritional and Metabolic Diseases (C18), Congenital, Hereditary, and Neonatal Diseases and Abnormalities (C16)]",Inborn Errors of Metabolism,disease,C0025521,,,,,1644.0,protein-coding,[],0.45,DDC
[Mental Disorders (F03)],"Bipolar I disorder, most recent episode manic (disorder)",disease,C0024713,,,,,1644.0,protein-coding,[],0.45,DDC
[Mental Disorders (F03)],Mixed bipolar I disorder,disease,C0236780,,,,,1644.0,protein-coding,[],0.45,DDC
[Mental Disorders (F03)],"Depression, Bipolar",disease,C0005587,,,,,1644.0,protein-coding,[],0.45,DDC
"[Congenital, Hereditary, and Neonatal Diseases and Abnormalities (C16), Pathological Conditions, Signs and Symptoms (C23)]",RASopathy,disease,C5555857,,,,,1644.0,protein-coding,[],0.4,DDC
"[Pathological Conditions, Signs and Symptoms (C23)]",Nerve Degeneration,phenotype,C0027746,,,,,1644.0,protein-coding,[],0.4,DDC
[Mental Disorders (F03)],Mental disorders,disease,C0004936,,,,,1644.0,protein-coding,[],0.4,DDC
[Neoplasms (C04)],Extraadrenal pheochromocytoma,disease,C1257877,,,,,1644.0,protein-coding,[],0.4,DDC
,,,,,,,,,,,,
,,,,,,,,,,,,
